ID;QUERY;CAT;DIFFICULTY;INT-ID;REL;EQV;COMMENT;;;;;;
webis-001;new york times square dance;ConQ;2;0;3;;Articles mentioning dance and square in the New York Times newspaper;https://en.wikipedia.org/wiki/The_New_York_Times;square dance;;;;
webis-001;new york times square dance;ConQ;2;1;3;2;Dance happening in Times Square in New York City;https://en.wikipedia.org/wiki/New_York_City;https://en.wikipedia.org/wiki/Times_Square;dance;;;
webis-001;new york times square dance;ConQ;2;2;2;1;Dance happening in Times Square in New York state;https://en.wikipedia.org/wiki/New_York_(state);https://en.wikipedia.org/wiki/Times_Square;dance;;;
webis-001;new york times square dance;ConQ;2;3;2;;Articles about the folk dance Square Dance in the New York Times newspaper;https://en.wikipedia.org/wiki/The_New_York_Times;https://en.wikipedia.org/wiki/Square_Dance_(ballet);;;;
webis-001;new york times square dance;ConQ;2;4;2;;Number of times Square Dance was performed in New York City;https://en.wikipedia.org/wiki/New_York_City;times;https://en.wikipedia.org/wiki/Square_Dance_(ballet);;;
webis-001;new york times square dance;ConQ;2;5;1;;Number of times Square Dance was performed in New York state;https://en.wikipedia.org/wiki/New_York_(state);times;https://en.wikipedia.org/wiki/Square_Dance_(ballet);;;
webis-001;new york times square dance;ConQ;2;6;1;;Article mentioning Square Dance film in the New York Times newspaper;https://en.wikipedia.org/wiki/The_New_York_Times;https://en.wikipedia.org/wiki/Square_Dance_(film);;;;
webis-001;new york times square dance;ConQ;2;7;1;;Number of times Square Dance film was played in New York City;https://en.wikipedia.org/wiki/New_York_City;times;https://en.wikipedia.org/wiki/Square_Dance_(film);;;
webis-001;new york times square dance;ConQ;2;8;1;;Number of times Square Dance film was played in New York state;https://en.wikipedia.org/wiki/New_York_(state);times;https://en.wikipedia.org/wiki/Square_Dance_(film);;;
webis-002;skyline drive in west virginia;ConQ, LQ;2;0;3;;The Skyline Drive road passing through West Virginia;https://en.wikipedia.org/wiki/Skyline_Drive;in;https://en.wikipedia.org/wiki/West_Virginia;;;
webis-002;skyline drive in west virginia;ConQ, LQ;2;1;2;;The Skyline Drive-in theatre in West Virginia;http://cinematreasures.org/theaters/58183;https://en.wikipedia.org/wiki/West_Virginia;;;;
webis-003;elton john wayne rooney;ConQ;2;0;3;;Elton John the singer with Wayne Rooney the footballer;https://en.wikipedia.org/wiki/Elton_John;https://en.wikipedia.org/wiki/Wayne_Rooney;;;;
webis-003;elton john wayne rooney;ConQ;2;1;2;;Elton John the footballer and Wayne Rooney the footballer meeting or playing in a football match;https://en.wikipedia.org/wiki/Elton_John_(footballer);https://en.wikipedia.org/wiki/Wayne_Rooney;;;;
webis-003;elton john wayne rooney;ConQ;2;2;1;;John Wayne the actor with people named Elton and Rooney;elton;https://en.wikipedia.org/wiki/John_Wayne;rooney;;;
webis-004;frank zappa mother;ConQ, RQ;3;0;3;;The Mothers of Invention band of Frank Zappa;https://en.wikipedia.org/wiki/Frank_Zappa;https://en.wikipedia.org/wiki/The_Mothers_of_Invention;;;;
webis-004;frank zappa mother;ConQ, RQ;3;1;3;;The biological mother of Frank Zappa;https://en.wikipedia.org/wiki/Frank_Zappa;mother;;;;
webis-005;big data problem;ConQ;2;0;3;;Problem faced when dealing with Big Data ;https://en.wikipedia.org/wiki/Big_data;problem;;;;
webis-005;big data problem;ConQ;2;1;2;;Data problem that is big;big;data problem;;;;
webis-005;big data problem;ConQ;2;2;2;;The band Big Data facing a problem;https://en.wikipedia.org/wiki/Big_Data_(band);problem;;;;
webis-005;big data problem;ConQ;2;3;1;;The band DATA facing a problem that is big;big;https://en.wikipedia.org/wiki/DATA_(band);problem;;;
webis-006;camden riversharks;ConQ, LQ;2;0;3;;The baseball team of Camden, New Jersey;https://en.wikipedia.org/wiki/Camden_Riversharks;;;;;
webis-006;camden riversharks;ConQ, LQ;2;1;1;;Are sharks there in the Nepean river of Camden city in New South Wales which they are not;https://en.wikipedia.org/wiki/Camden,_New_South_Wales;riversharks;;;;
webis-006;camden riversharks;ConQ, LQ;2;2;2;;Blue Sharks which stray off to the rivers near Camden, Nova Scotia (http://www.dfo-mpo.gc.ca/species-especes/sharks/info/sightings-eng.html);https://en.wikipedia.org/wiki/Camden,_Nova_Scotia;riversharks;;;;
webis-006;camden riversharks;ConQ, LQ;2;3;2;;Sharks found in rivers of Alabama near Camden (https://www.al.com/outdoors/2015/07/sharks_of_alabama_these_16_sha.html);https://en.wikipedia.org/wiki/Camden,_Alabama;riversharks;;;;
webis-006;camden riversharks;ConQ, LQ;2;4;2;;Shark fossils found in the riverbed of Camden, Arkansas (https://paleoaerie.org/tag/arkansas/);https://en.wikipedia.org/wiki/Camden,_Arkansas;riversharks;;;;
webis-006;camden riversharks;ConQ, LQ;2;5;2;;River Shark found in the Fresno County of California (https://sacramento.cbslocal.com/2011/05/11/shark-found-dead-in-clovis-irrigation-canal/);https://en.wikipedia.org/wiki/Camden,_Fresno_County,_California;riversharks;;;;
webis-006;camden riversharks;ConQ, LQ;2;6;2;;Sharks found in rivers of Delaware near Camden (https://www.beach-net.com/whats-here/sharks-delaware-maryland.php);https://en.wikipedia.org/wiki/Camden,_Delaware;riversharks;;;;
webis-006;camden riversharks;ConQ, LQ;2;7;2;;The scare that white sharks were there in the Illinois river near Camden (https://www.thatsnonsense.com/were-two-great-white-sharks-spotted-in-illinois-river-fact-check/);https://en.wikipedia.org/wiki/Camden,_Illinois;riversharks;;;;
webis-006;camden riversharks;ConQ, LQ;2;8;2;;The scare that bull shark was there in the Wabash river near Camden in Indiana (http://www.wbiw.com/state/archive/2013/05/dnr-no-shark-in-the-wabash-river.php) ;https://en.wikipedia.org/wiki/Camden,_Indiana;riversharks;;;;
webis-006;camden riversharks;ConQ, LQ;2;9;2;;White sharks off the coast off Camden in Maine (https://www.pressherald.com/2017/12/05/scientists-maine-coast-could-see-more-great-white-sharks/);https://en.wikipedia.org/wiki/Camden,_Maine;riversharks;;;;
webis-006;camden riversharks;ConQ, LQ;2;10;1;;Less likelihood of the user asking for sharks in rivers of Michigan since Michigan is nearly 2000 miles of the nearest ocean;https://en.wikipedia.org/wiki/Camden,_Michigan;riversharks;;;;
webis-006;camden riversharks;ConQ, LQ;2;11;2;;Bull sharks in the Mississippi river passing through Camden, Minneapolis (https://retrieverman.net/tag/bull-shark-minnesota/)  ;https://en.wikipedia.org/wiki/Camden,_Minneapolis;riversharks;;;;
webis-006;camden riversharks;ConQ, LQ;2;12;1;;Are there sharks in the part of the Missouri River that flows through Camden (https://helenair.com/angler-catches-shark-in-missouri-river/article_9ba2e113-f93b-5eb1-ab91-98c46faae674.html);https://en.wikipedia.org/wiki/Camden,_Missouri;riversharks;;;;
webis-006;camden riversharks;ConQ, LQ;2;13;1;;The baseball team or the river sharks found in Shark Realm of Adventure Aquarium;https://en.wikipedia.org/wiki/Camden,_New_Jersey;riversharks;;;;
webis-006;camden riversharks;ConQ, LQ;2;14;1;;Are sharks there in the river near Camden in New York which they are not since only a lake is nearby;https://en.wikipedia.org/wiki/Camden,_New_York;riversharks;;;;
webis-006;camden riversharks;ConQ, LQ;2;15;2;;Bull shark are sometimes found in the Pasquotank river passing through Camden in North Carolina (https://ncseagrant.ncsu.edu/coastwatch/previous-issues/2014-2/spring-2014/sharks-of-north-carolina/);https://en.wikipedia.org/wiki/Camden,_North_Carolina;riversharks;;;;
webis-006;camden riversharks;ConQ, LQ;2;16;1;;Are sharks there in the river near Camden city in Ohio which they are not;https://en.wikipedia.org/wiki/Camden,_Ohio;riversharks;;;;
webis-006;camden riversharks;ConQ, LQ;2;17;1;;User might have wanted to ask for sharks in rivers passing through Camden, South Carolina and although there are sharks found in South Carolina but they are far from where Camden is located;https://en.wikipedia.org/wiki/Camden,_South_Carolina;riversharks;;;;
webis-006;camden riversharks;ConQ, LQ;2;18;1;;User might have wanted to ask for sharks in rivers passing through Camden, Tennessee and evidence of this is not found;https://en.wikipedia.org/wiki/Camden,_Tennessee;riversharks;;;;
webis-006;camden riversharks;ConQ, LQ;2;19;1;;User might have wanted to ask for shark in river near Camden in Texas, but likelihood is low since a bull shark was found in Trinity River in Texas which is far away from Camden (https://www.theinertia.com/environment/dead-bull-shark-found-in-texas-river-reminda-us-they-can-sometimes-survive-in-fresh-water/)  ;https://en.wikipedia.org/wiki/Camden,_Texas;riversharks;;;;
webis-006;camden riversharks;ConQ, LQ;2;20;2;;Sharks in Mississippi river near Camden, Mississippi  (http://www.eregulations.com/mississippi/saltwater/common-sharks-mississippi-waters/);https://en.wikipedia.org/wiki/Camden,_Mississippi;riversharks;;;;
webis-006;camden riversharks;ConQ, LQ;2;21;2;;Sharks found in the Camden Haven River (https://www.camdencourier.com.au/story/5146327/shark-spotted-in-camden-haven-river-photos/);https://en.wikipedia.org/wiki/Camden_Haven_River;riversharks;;;;
webis-007;kendrick lamar i tunes;ConQ;2;0;3;;;https://en.wikipedia.org/wiki/Kendrick_Lamar;https://en.wikipedia.org/wiki/ITunes;;;;
webis-007;kendrick lamar i tunes;ConQ;2;1;3;;;https://en.wikipedia.org/wiki/I_(Kendrick_Lamar_song);https://en.wikipedia.org/wiki/ITunes;;;;
webis-007;kendrick lamar i tunes;ConQ;2;2;2;;;https://en.wikipedia.org/wiki/I_(Kendrick_Lamar_song);https://en.wikipedia.org/wiki/I_(Kendrick_Lamar_song);tunes;;;
webis-008;kenneth cole black friday sale;ConQ;2;0;3;;;https://en.wikipedia.org/wiki/Kenneth_Cole_(designer);https://en.wikipedia.org/wiki/Black_Friday_(shopping);sale;;;
webis-008;kenneth cole black friday sale;ConQ;2;1;2;;;https://en.wikipedia.org/wiki/Kenneth_Cole_(designer);https://www.amazon.com/Kenneth-Cole-Black-3-4-Fl/dp/B00CEK10Q2;friday;sale;;
webis-008;kenneth cole black friday sale;ConQ;2;2;1;;;https://en.wikipedia.org/wiki/Kenneth,_Indiana;https://en.wikipedia.org/wiki/Cole_Black;friday;sale;;
webis-008;kenneth cole black friday sale;ConQ;2;3;1;;;https://en.wikipedia.org/wiki/Kenneth,_Minnesota;https://en.wikipedia.org/wiki/Cole_Black;friday;sale;;
webis-009;first aid kit fireworks;ConQ;2;0;3;;;first aid kit;fireworks;;;;
webis-009;first aid kit fireworks;ConQ;2;1;3;;;https://en.wikipedia.org/wiki/First_Aid_Kit_(band);https://www.amazon.de/Fireworks/dp/B076L6M3DV;;;;
webis-010;frankie goes hollywood;ConQ, LQ;2;0;3;;;https://en.wikipedia.org/wiki/Frankie_Goes_to_Hollywood;;;;;
webis-010;frankie goes hollywood;ConQ, LQ;2;1;2;;;https://en.wikipedia.org/wiki/Frankie_Goes_to_Hollywood_(video_game);;;;;
webis-010;frankie goes hollywood;ConQ, LQ;2;2;1;;;https://en.wikipedia.org/wiki/Frank_Sinatra;goes;https://en.wikipedia.org/wiki/Hollywood;;;
webis-011;cage the elephant;ConQ, LQ;2;0;3;;;https://en.wikipedia.org/wiki/Cage_the_Elephant;;;;;
webis-011;cage the elephant;ConQ, LQ;2;1;2;;;cage;the elephant;;;;
webis-012;page played kashmir knebworth les paul tuned uniquely;ConQ, LQ;2;0;3;;;https://en.wikipedia.org/wiki/Jimmy_Page;played;https://en.wikipedia.org/wiki/Kashmir_(song);https://en.wikipedia.org/wiki/Knebworth_Festival_1979;https://en.wikipedia.org/wiki/Gibson_Les_Paul;tuned uniquely
webis-012;page played kashmir knebworth les paul tuned uniquely;ConQ, LQ;2;1;2;;;page;played;https://en.wikipedia.org/wiki/Kashmir;https://en.wikipedia.org/wiki/Knebworth;https://en.wikipedia.org/wiki/Les_Paul;tuned uniquely
webis-013;tom cruise ship scene;ConQ;2;0;3;;;https://en.wikipedia.org/wiki/Tom_Cruise;ship scene;;;;
webis-013;tom cruise ship scene;ConQ;2;1;1;;;https://en.wikipedia.org/wiki/Tom_and_Jerry;cruise ship scene;;;;
webis-ambient-001;aida by giuseppe verdi;ConQ;1;0;3;;;https://en.wikipedia.org/wiki/Aida;by;https://en.wikipedia.org/wiki/Giuseppe_Verdi;;;
webis-ambient-002;aida by elton john and tim rice;ConQ;1;0;3;;;https://en.wikipedia.org/wiki/Aida_(musical);by;https://en.wikipedia.org/wiki/Elton_John;and;https://en.wikipedia.org/wiki/Tim_Rice;
webis-ambient-003;aida palestinian refugee camp;ConQ;1;0;3;;;https://en.wikipedia.org/wiki/Aida_Camp;palestinian refugee camp;;;;
webis-ambient-004;aida film starring sophia loren 1953;ConQ;1;0;3;;;https://en.wikipedia.org/wiki/Aida_(1953_film);film;starring;https://en.wikipedia.org/wiki/Sophia_Loren;;
webis-ambient-005;b-52 stratofortress bomber aircraft designed by boeing;ConQ;1;0;3;;;https://en.wikipedia.org/wiki/Boeing_B-52_Stratofortress;designed by;https://en.wikipedia.org/wiki/Boeing;;;
webis-ambient-006;the b-52s rock band;ConQ;2;0;3;;;https://en.wikipedia.org/wiki/The_B-52%27s;rock band;;;;
webis-ambient-006;the b-52s rock band;ConQ;2;1;2;;;https://en.wikipedia.org/wiki/The_B-52%27s;https://en.wikipedia.org/wiki/Rock_Band;;;;
webis-ambient-006;the b-52s rock band;ConQ;2;2;2;;The band in the music video game ;https://en.wikipedia.org/wiki/The_B-52%27s;https://en.wikipedia.org/wiki/Rock_Band_(video_game);;;;
webis-ambient-006;the b-52s rock band;ConQ;2;3;2;;The band in the music video game ;https://en.wikipedia.org/wiki/The_B-52%27s;https://en.wikipedia.org/wiki/Rock_Band_(iOS);;;;
webis-ambient-007;the bronx borough in new york city;ConQ;1;0;3;;;https://en.wikipedia.org/wiki/The_Bronx;borough in;https://en.wikipedia.org/wiki/New_York_City;;;
webis-ambient-008;bronx botanical garden;LQ;1;0;3;;;https://en.wikipedia.org/wiki/New_York_Botanical_Garden;;;;;
webis-ambient-009;a bronx morning film from 1931;ConQ;1;0;3;;;https://en.wikipedia.org/wiki/A_Bronx_Morning;film from 1931;;;;
webis-ambient-010;dean cain;LQ;1;0;3;;;https://en.wikipedia.org/wiki/Dean_Cain;;;;;
webis-ambient-011;herb cain;LQ;1;0;3;;;https://en.wikipedia.org/wiki/Herb_Cain;;;;;
webis-ambient-012;james m cain;LQ;1;0;3;;;https://en.wikipedia.org/wiki/James_M._Cain;;;;;
webis-ambient-013;liz cain;LQ;1;0;3;;;https://en.wikipedia.org/wiki/Elizabeth_Cain;;;;;
webis-ambient-014;cain by lord byron;ConQ;1;0;3;;;https://en.wikipedia.org/wiki/Cain_(play);by;https://en.wikipedia.org/wiki/Lord_Byron;;;
webis-ambient-015;camel cigarette brand from the usa;ConQ;1;0;3;;;https://en.wikipedia.org/wiki/Camel_(cigarette);cigarette brand;from the;https://en.wikipedia.org/wiki/United_States;;
webis-ambient-016;the cube 1969 film by jim henson;ConQ;1;0;3;;;https://en.wikipedia.org/wiki/The_Cube_(film);1969 film;by;https://en.wikipedia.org/wiki/Jim_Henson;;
webis-ambient-017;nintendo gamecube;LQ;1;0;3;;;https://en.wikipedia.org/wiki/GameCube;;;;;
webis-ambient-018;aprilia rs3 cube;LQ;1;0;3;;;https://en.wikipedia.org/wiki/Aprilia_RS_Cube;;;;;
webis-ambient-019;nissan cube;LQ;1;0;3;;;https://en.wikipedia.org/wiki/Nissan_Cube;;;;;
webis-ambient-020;power mac g4 cube from apple;ConQ;1;0;3;2;;https://en.wikipedia.org/wiki/Power_Mac_G4_Cube;from;https://en.wikipedia.org/wiki/Apple_Inc.;;;
webis-ambient-020;power mac g4 cube from apple;ConQ;1;1;1;;The user wants to buy the computer in Apple, Oklahoma;https://en.wikipedia.org/wiki/Power_Mac_G4_Cube;from;https://en.wikipedia.org/wiki/Apple,_Oklahoma;;;
webis-ambient-020;power mac g4 cube from apple;ConQ;1;2;1;0;;https://en.wikipedia.org/wiki/Power_Macintosh;g4 cube;from;https://en.wikipedia.org/wiki/Apple_Inc.;;
webis-ambient-021;excalibur of king arthur;ConQ;2;0;3;;The sword of the king;https://en.wikipedia.org/wiki/Excalibur;of;https://en.wikipedia.org/wiki/King_Arthur;;;
webis-ambient-021;excalibur of king arthur;ConQ;2;1;2;;The sword of the king in the tv series ;https://en.wikipedia.org/wiki/Excalibur;of;https://en.wikipedia.org/wiki/King_Arthur_(TV_series);;;
webis-ambient-021;excalibur of king arthur;ConQ;2;2;2;;The sword of the king in the film;https://en.wikipedia.org/wiki/Excalibur;of;https://en.wikipedia.org/wiki/King_Arthur_(2004_film);;;
webis-ambient-021;excalibur of king arthur;ConQ;2;3;2;;The sword of the king in the video game;https://en.wikipedia.org/wiki/Excalibur;of;https://en.wikipedia.org/wiki/King_Arthur_(video_game);;;
webis-ambient-021;excalibur of king arthur;ConQ;2;4;1;;The sword of the king in the opera;https://en.wikipedia.org/wiki/Excalibur;of;https://en.wikipedia.org/wiki/King_Arthur_(opera);;;
webis-ambient-022;excalibur produced by john boorman;ConQ;1;0;3;;;https://en.wikipedia.org/wiki/Excalibur_(film);produced by;https://en.wikipedia.org/wiki/John_Boorman;;;
webis-ambient-023;excalibur by grave digger;ConQ;1;0;3;;;https://en.wikipedia.org/wiki/Excalibur_(Grave_Digger_album);by;https://en.wikipedia.org/wiki/Grave_Digger_(band);;;
webis-ambient-024;excalibur designed by chris crawford;ConQ;1;0;3;;;https://en.wikipedia.org/wiki/Excalibur_(video_game);designed by;https://en.wikipedia.org/wiki/Chris_Crawford_(game_designer);;;
webis-ambient-025;excalibur written by sanders anne laubenthal;ConQ;1;0;3;;;https://en.wikipedia.org/wiki/Excalibur_(novel);written by;https://en.wikipedia.org/wiki/Sanders_Anne_Laubenthal;;;
webis-ambient-026;hms excalibur constructed for royal navy;ConQ;1;0;3;;;https://en.wikipedia.org/wiki/HMS_Excalibur;constructed for;https://en.wikipedia.org/wiki/Royal_Navy;;;
webis-ambient-027;gabriel fahrenheit german physicist;ConQ;1;0;3;;;https://en.wikipedia.org/wiki/Daniel_Gabriel_Fahrenheit;https://en.wikipedia.org/wiki/Germany;physicist;;;
webis-ambient-028;fahrenheit 451 written by ray bradbury;ConQ;1;0;3;;;https://en.wikipedia.org/wiki/Fahrenheit_451;written by;https://en.wikipedia.org/wiki/Ray_Bradbury;;;
webis-ambient-029;globe arizona in united states;ConQ;1;0;3;;;https://en.wikipedia.org/wiki/Globe,_Arizona;https://en.wikipedia.org/wiki/Arizona;in;https://en.wikipedia.org/wiki/United_States;;
webis-ambient-030;the boston globe created by charles h taylor;ConQ;1;0;3;;;https://en.wikipedia.org/wiki/The_Boston_Globe;created by;https://en.wikipedia.org/wiki/Charles_H._Taylor_(publisher);;;
webis-ambient-031;fa-18 hornet;LQ;1;0;3;;;https://en.wikipedia.org/wiki/McDonnell_Douglas_F/A-18_Hornet;;;;;
webis-ambient-032;hornet township minnesota;LQ;1;0;3;;;https://en.wikipedia.org/wiki/Hornet_Township,_Beltrami_County,_Minnesota;;;;;
webis-ambient-033;new orleans hornets nba;ConQ;1;0;3;;;https://en.wikipedia.org/wiki/New_Orleans_Pelicans;https://en.wikipedia.org/wiki/National_Basketball_Association;;;;
webis-ambient-033;new orleans hornets nba;ConQ;1;1;2;;;https://en.wikipedia.org/wiki/New_Orleans;hornets;https://en.wikipedia.org/wiki/National_Basketball_Association;;;
webis-ambient-034;indigo written by alice hoffman;ConQ;1;0;3;;;https://en.wikipedia.org/wiki/Indigo_(Hoffman_novel);written by;https://en.wikipedia.org/wiki/Alice_Hoffman;;;
webis-ambient-035;indigo written by marina warner;ConQ;1;0;3;;;https://en.wikipedia.org/wiki/Indigo_(Warner_novel);written by;https://en.wikipedia.org/wiki/Marina_Warner;;;
webis-ambient-036;indigo airlines from india;ConQ;1;0;3;;;https://en.wikipedia.org/wiki/IndiGo;airlines;from;https://en.wikipedia.org/wiki/India;;
webis-ambient-037;battle of iwo jima;ConQ, LQ;1;0;3;;;https://en.wikipedia.org/wiki/Battle_of_Iwo_Jima;;;;;
webis-ambient-037;battle of iwo jima;ConQ, LQ;1;1;3;;;battle of;https://en.wikipedia.org/wiki/Iwo_Jima;;;;
webis-ambient-038;letters from iwo jima directed by clint eastwood;ConQ;1;0;3;;;https://en.wikipedia.org/wiki/Letters_from_Iwo_Jima;directed by;https://en.wikipedia.org/wiki/Clint_Eastwood;;;
webis-ambient-039;sands of iwo jima;ConQ, LQ;1;0;3;;;https://en.wikipedia.org/wiki/Sands_of_Iwo_Jima;;;;;
webis-ambient-039;sands of iwo jima;ConQ, LQ;1;1;1;;;sands of;https://en.wikipedia.org/wiki/Iwo_Jima;;;;
webis-ambient-040;atari jaguar video game console;ConQ;1;0;3;;;https://en.wikipedia.org/wiki/Atari_Jaguar;video game console;;;;
webis-ambient-041;fender jaguar string change;ConQ;1;0;3;;;https://en.wikipedia.org/wiki/Fender_Jaguar;;;;;
webis-ambient-042;claas jaguar forage harvester;ConQ;1;0;3;;;https://en.wikipedia.org/wiki/Claas_Jaguar;forage harvester;;;;
webis-ambient-043;jacksonville jaguars nfl team florida;ConQ;1;0;3;;;https://en.wikipedia.org/wiki/Jacksonville_Jaguars;https://en.wikipedia.org/wiki/National_Football_League;team;https://en.wikipedia.org/wiki/Florida;;
webis-ambient-044;la plata in argentina;ConQ;1;0;3;;;https://en.wikipedia.org/wiki/La_Plata;in;https://en.wikipedia.org/wiki/Argentina;;;
webis-ambient-045;la plata maryland;LQ;1;0;3;;;https://en.wikipedia.org/wiki/La_Plata,_Maryland;;;;;
webis-ambient-046;la plata county colorado;LQ;1;0;3;;;https://en.wikipedia.org/wiki/La_Plata_County,_Colorado;;;;;
webis-ambient-047;la plata river in colorado;ConQ, LQ;1;0;3;;;https://en.wikipedia.org/wiki/La_Plata_River_(San_Juan_River_tributary);in;https://en.wikipedia.org/wiki/Colorado;;;
webis-ambient-048;rio de la plata puerto rico;LQ;1;0;3;;;https://en.wikipedia.org/wiki/Rio_de_la_Plata_(Puerto_Rico);;;;;
webis-ambient-049;battle of la plata in cuba;ConQ;1;0;3;;;https://en.wikipedia.org/wiki/Battle_of_La_Plata;in;https://en.wikipedia.org/wiki/Cuba;;;
webis-ambient-049;battle of la plata in cuba;ConQ;1;1;3;;;battle of;https://en.wikipedia.org/wiki/La_Plata;in;https://en.wikipedia.org/wiki/Cuba;;
webis-ambient-050;labyrinth directed by jim henson;ConQ;1;0;3;;;https://en.wikipedia.org/wiki/Labyrinth_(film);directed by;https://en.wikipedia.org/wiki/Jim_Henson;;;
webis-ambient-051;pans labyrinth by guillermo del toro;ConQ;1;0;3;;;https://en.wikipedia.org/wiki/Pan%27s_Labyrinth;by;https://en.wikipedia.org/wiki/Guillermo_del_Toro;;;
webis-ambient-052;labyrinth written by kate mosse;ConQ;1;0;3;;;https://en.wikipedia.org/wiki/Labyrinth_(novel);written by;https://en.wikipedia.org/wiki/Kate_Mosse;;;
webis-ambient-053;labyrinth released by juno reactor;ConQ;1;0;3;;;https://en.wikipedia.org/wiki/Labyrinth_(Juno_Reactor_album);released by;https://en.wikipedia.org/wiki/Juno_Reactor;;;
webis-ambient-054;landau an der isar in bavaria;ConQ;1;0;3;;;https://en.wikipedia.org/wiki/Landau_an_der_Isar;in;https://en.wikipedia.org/wiki/Bavaria;;;
webis-ambient-055;david landau israeli journalist;ConQ;1;0;3;;;https://en.wikipedia.org/wiki/David_Landau_(journalist);https://en.wikipedia.org/wiki/Israel;journalist;;;
webis-ambient-056;life on mars by david bowie;ConQ;1;0;3;;;https://en.wikipedia.org/wiki/Life_on_Mars_(song);by;https://en.wikipedia.org/wiki/David_Bowie;;;
webis-ambient-057;the magic mountain written by thomas mann;ConQ;1;0;3;;;https://en.wikipedia.org/wiki/The_Magic_Mountain;written by;https://en.wikipedia.org/wiki/Thomas_Mann;;;
webis-ambient-058;six flags magic mountain;LQ;1;0;3;;;https://en.wikipedia.org/wiki/Six_Flags_Magic_Mountain;;;;;
webis-ambient-059;magic mountain in new brunswick;ConQ;1;0;3;;;https://en.wikipedia.org/wiki/Magic_Mountain_(New_Brunswick);in;https://en.wikipedia.org/wiki/New_Brunswick;;;
webis-ambient-060;magic mountain resort idaho;ConQ;1;0;3;;;https://en.wikipedia.org/wiki/Magic_Mountain_Resort;https://en.wikipedia.org/wiki/Idaho;;;;
webis-ambient-061;magic mountain ski area vermont;ConQ;1;0;3;;;https://en.wikipedia.org/wiki/Magic_Mountain_Ski_Area;https://en.wikipedia.org/wiki/Vermont;;;;
webis-ambient-062;the matador starring pierce brosnan;ConQ;1;0;3;;;https://en.wikipedia.org/wiki/The_Matador;starring;https://en.wikipedia.org/wiki/Pierce_Brosnan;;;
webis-ambient-063;matador directed by pedro almodovar;ConQ;1;0;3;;;https://en.wikipedia.org/wiki/Matador_(film);directed by;https://en.wikipedia.org/wiki/Pedro_Almod%C3%B3var;;;
webis-ambient-064;matador by los fabulosos cadillacs;ConQ;1;0;3;;;https://en.wikipedia.org/wiki/Matador_(Los_Fabulosos_Cadillacs_song);by;https://en.wikipedia.org/wiki/Los_Fabulosos_Cadillacs;;;
webis-ambient-065;metamorphosis ii;LQ;1;0;3;;;https://en.wikipedia.org/wiki/Metamorphosis_II;;;;;
webis-ambient-066;metamorphosis iii;LQ;1;0;3;;;https://en.wikipedia.org/wiki/Metamorphosis_III;;;;;
webis-ambient-067;metamorphosis by rolling stones;ConQ;1;0;3;;;https://en.wikipedia.org/wiki/Metamorphosis_(The_Rolling_Stones_album);by;https://en.wikipedia.org/wiki/The_Rolling_Stones;;;
webis-ambient-068;metamorphosis by papa roach;ConQ;1;0;3;;;https://en.wikipedia.org/wiki/Metamorphosis_(Papa_Roach_album);by;https://en.wikipedia.org/wiki/Papa_Roach;;;
webis-ambient-069;the metamorphosis by franz kafka;ConQ;1;0;3;;;https://en.wikipedia.org/wiki/The_Metamorphosis;by;https://en.wikipedia.org/wiki/Franz_Kafka;;;
webis-ambient-070;minotaur directed by jonathan english 2006;ConQ;1;0;3;;;https://en.wikipedia.org/wiki/Minotaur_(film);directed by;https://en.wikipedia.org/wiki/Jonathan_English;;;
webis-ambient-071;minotaur the labyrinths of crete;LQ;1;0;3;;;https://en.wikipedia.org/wiki/Minotaur:_The_Labyrinths_of_Crete;;;;;
webis-ambient-072;minotaur launch to space;ConQ;1;0;3;;;https://en.wikipedia.org/wiki/Minotaur_(rocket_family);launch to space;;;;
webis-ambient-073;mira italy near venice;ConQ;1;0;3;;;https://en.wikipedia.org/wiki/Mira,_Veneto;https://en.wikipedia.org/wiki/Italy;near;https://en.wikipedia.org/wiki/Venice;;
webis-ambient-074;the mirage las vegas strip terry fator;ConQ;2;0;3;;;https://en.wikipedia.org/wiki/The_Mirage;https://en.wikipedia.org/wiki/Las_Vegas_Strip;https://en.wikipedia.org/wiki/Terry_Fator;;;
webis-ambient-075;el mirage arizona;LQ;1;0;3;;;https://en.wikipedia.org/wiki/El_Mirage,_Arizona;;;;;
webis-ambient-076;mirage by fleetwood mac;ConQ;1;0;3;;;https://en.wikipedia.org/wiki/Mirage_(Fleetwood_Mac_album);by;https://en.wikipedia.org/wiki/Fleetwood_Mac;;;
webis-ambient-077;mirage by meat puppets;ConQ;1;0;3;;;https://en.wikipedia.org/wiki/Mirage_(Meat_Puppets_album);by;https://en.wikipedia.org/wiki/Meat_Puppets;;;
webis-ambient-078;mirage studios comic book company;ConQ;1;0;3;;;https://en.wikipedia.org/wiki/Mirage_Studios;comic book company;;;;
webis-ambient-079;chevrolet monte carlo two-door coupe;ConQ;1;0;3;;;https://en.wikipedia.org/wiki/Chevrolet_Monte_Carlo;two-door coupe;;;;
webis-ambient-080;monte carlo monaco;LQ;1;0;3;;;https://en.wikipedia.org/wiki/Monte_Carlo;;;;;
webis-ambient-081;monte carlo distributed by 20th century fox;ConQ;1;0;3;;;https://en.wikipedia.org/wiki/Monte_Carlo_(2011_film);distributed by;https://en.wikipedia.org/wiki/20th_Century_Fox;;;
webis-ambient-082;oppenheim town in germany;ConQ;1;0;3;;;https://en.wikipedia.org/wiki/Oppenheim;town in;https://en.wikipedia.org/wiki/Germany;;;
webis-ambient-083;oppenheim town in new york;ConQ;1;0;3;;;https://en.wikipedia.org/wiki/Oppenheim,_New_York;town in;https://en.wikipedia.org/wiki/New_York_(state);;;
webis-ambient-084;out of control released by peter criss;ConQ;1;0;3;;;https://en.wikipedia.org/wiki/Out_of_Control_(Peter_Criss_album);released by;https://en.wikipedia.org/wiki/Peter_Criss;;;
webis-ambient-085;out of control produced by hoobastank;ConQ;1;0;3;;;https://en.wikipedia.org/wiki/Out_of_Control_(Hoobastank_song);produced by;https://en.wikipedia.org/wiki/Hoobastank;;;
webis-ambient-086;pelican post-metal from chicago;ConQ;1;0;3;;;https://en.wikipedia.org/wiki/Pelican_(band);https://en.wikipedia.org/wiki/Post-metal;from;https://en.wikipedia.org/wiki/Chicago;;
webis-ambient-087;purple haze by the jimi hendrix experience;ConQ;1;0;3;;;https://en.wikipedia.org/wiki/Purple_Haze;by;https://en.wikipedia.org/wiki/The_Jimi_Hendrix_Experience;;;
webis-ambient-088;purple haze by rapper camron;ConQ;1;0;3;;;https://en.wikipedia.org/wiki/Purple_Haze_(album);by;rapper;https://en.wikipedia.org/wiki/Cam%27ron;;
webis-ambient-089;brewer of purple haze in abita springs;ConQ, SolEnQ;1;0;3;;;brewer of;purple haze;in;https://en.wikipedia.org/wiki/Abita_Springs,_Louisiana;;
webis-ambient-090;raam directed by ameer;ConQ;1;0;3;;;https://en.wikipedia.org/wiki/Raam_(2005_film);directed by;https://en.wikipedia.org/wiki/Ameer_(director);;;
webis-ambient-091;rhea perlman us television;ConQ;1;0;3;;;https://en.wikipedia.org/wiki/Rhea_Perlman;https://en.wikipedia.org/wiki/United_States;television;;;
webis-ambient-092;caroline rhea stand-up comedy program;ConQ;1;0;3;;;https://en.wikipedia.org/wiki/Caroline_Rhea;stand-up comedy program;;;;
webis-ambient-093;john rhea us congress;ConQ;2;0;3;;;https://en.wikipedia.org/wiki/John_Rhea;https://en.wikipedia.org/wiki/United_States_Congress;;;;
webis-ambient-093;john rhea us congress;ConQ;2;1;3;;;https://en.wikipedia.org/wiki/John_Stockdale_Rhea;https://en.wikipedia.org/wiki/United_States_Congress;;;;
webis-ambient-094;the scorpion live at the cadillac club;ConQ;1;0;3;;;https://en.wikipedia.org/wiki/The_Scorpion_(album);live at;the cadillac club;;;
webis-ambient-095;the little mermaid written by hans christian andersen;ConQ;1;0;3;;;https://en.wikipedia.org/wiki/The_Little_Mermaid;written by;https://en.wikipedia.org/wiki/Hans_Christian_Andersen;;;
webis-ambient-096;the little mermaid by disney;ConQ;2;0;3;;;https://en.wikipedia.org/wiki/The_Little_Mermaid_(1989_film);by;https://en.wikipedia.org/wiki/Walt_Disney_Animation_Studios;;;
webis-ambient-096;the little mermaid by disney;ConQ;2;1;2;;;https://en.wikipedia.org/wiki/The_Little_Mermaid_(franchise);by;https://en.wikipedia.org/wiki/Walt_Disney_Animation_Studios;;;
webis-ambient-097;urania greek mythology;ConQ;1;0;3;1;;https://en.wikipedia.org/wiki/Urania;https://en.wikipedia.org/wiki/Greek_mythology;;;;
webis-ambient-097;urania greek mythology;ConQ;1;1;3;0;;https://en.wikipedia.org/wiki/Urania;https://en.wikipedia.org/wiki/Greece;mythology;;;
webis-ambient-098;wink davenport american volleyball;ConQ;1;0;3;;;https://en.wikipedia.org/wiki/Wink_Davenport;https://en.wikipedia.org/wiki/United_States;volleyball;;;
webis-ambient-099;wink martindale;LQ;2;0;3;;;https://en.wikipedia.org/wiki/Wink_Martindale;;;;;
webis-ambient-099;wink martindale;LQ;2;1;2;;;https://en.wikipedia.org/wiki/Don_Martindale;;;;;
webis-ambient-100;chris wink blue man group;ConQ;1;0;3;;;https://en.wikipedia.org/wiki/Chris_Wink;https://en.wikipedia.org/wiki/Blue_Man_Group;;;;
webis-ambient-101;xanadu starring olivia newton-john;ConQ;1;0;3;;;https://en.wikipedia.org/wiki/Xanadu_(film);starring;https://en.wikipedia.org/wiki/Olivia_Newton-John;;;
webis-ambient-102;xanadu starring kerry butler broadway;ConQ;1;0;3;;;https://en.wikipedia.org/wiki/Xanadu_(musical);starring;https://en.wikipedia.org/wiki/Kerry_Butler;https://en.wikipedia.org/wiki/Broadway_theatre;;
webis-ambient-102;xanadu starring kerry butler broadway;ConQ;1;1;1;;;https://en.wikipedia.org/wiki/Xanadu_(musical);starring;https://en.wikipedia.org/wiki/Kerry_Butler;https://en.wikipedia.org/wiki/Broadway_(Manhattan);;
webis-ambient-103;xanadu recorded by rush;ConQ;1;0;3;;;https://en.wikipedia.org/wiki/Xanadu_(Rush_song);recorded by;https://en.wikipedia.org/wiki/Rush_(band);;;
webis-ambient-104;xanadu records jazz music;ConQ;1;0;3;;;https://en.wikipedia.org/wiki/Xanadu_Records;https://en.wikipedia.org/wiki/Jazz;music;;;
webis-ambient-105;lets play of xanadu;ConQ;1;0;3;;;https://en.wikipedia.org/wiki/Let%27s_Play;of;https://en.wikipedia.org/wiki/Xanadu_(video_game);;;
webis-ambient-106;beagle 2 mars express;ConQ;1;0;3;;;https://en.wikipedia.org/wiki/Beagle_2;https://en.wikipedia.org/wiki/Mars_Express;;;;
webis-ambient-107;beagle aircraft great britian;ConQ;1;0;3;;;https://en.wikipedia.org/wiki/Beagle_Aircraft;https://en.wikipedia.org/wiki/Great_Britain;;;;
webis-ambient-108;eos in greek mythology;ConQ;1;0;3;;;https://en.wikipedia.org/wiki/Eos;in;https://en.wikipedia.org/wiki/Greek_mythology;;;
webis-ambient-108;eos in greek mythology;ConQ;1;1;3;;;https://en.wikipedia.org/wiki/Eos;in;https://en.wikipedia.org/wiki/Greece;mythology;;
webis-ambient-109;european optical society;LQ;1;0;3;;;https://en.wikipedia.org/wiki/European_Optical_Society;;;;;
webis-ambient-110;eos american geophysical union;ConQ;1;0;3;;;https://en.wikipedia.org/wiki/Eos_(magazine);https://en.wikipedia.org/wiki/American_Geophysical_Union;;;;
webis-ambient-111;eos made by canon;ConQ;1;0;3;;;https://en.wikipedia.org/wiki/Canon_EOS;made by;https://en.wikipedia.org/wiki/Canon_Inc.;;;
webis-ambient-112;earth observing system nasa;ConQ;1;0;3;;;https://en.wikipedia.org/wiki/Earth_Observing_System;https://en.wikipedia.org/wiki/NASA;;;;
webis-ambient-113;the globe recorded by big audio dynamite ii;ConQ;2;0;3;;;https://en.wikipedia.org/wiki/The_Globe_(album);recorded by;https://en.wikipedia.org/wiki/Big_Audio_Dynamite;;;
webis-ambient-113;the globe recorded by big audio dynamite ii;ConQ;2;1;3;;;https://en.wikipedia.org/wiki/The_Globe_(song);recorded by;https://en.wikipedia.org/wiki/Big_Audio_Dynamite;;;
webis-ambient-114;globe telecom telecommunications philippines;ConQ;1;0;3;;;https://en.wikipedia.org/wiki/Globe_Telecom;telecommunications;https://en.wikipedia.org/wiki/Philippines;;;
webis-ambient-115;indigo books and music canada;ConQ;1;0;3;;;https://en.wikipedia.org/wiki/Indigo_Books_and_Music;https://en.wikipedia.org/wiki/Canada;;;;
webis-ambient-116;fahrenheit aka indigo prophecy;ConQ;1;0;3;;;https://en.wikipedia.org/wiki/Fahrenheit_(2005_video_game);aka;indigo prophecy;;;
webis-ambient-117;sepecat jaguar french air force;ConQ;1;0;3;1;;https://en.wikipedia.org/wiki/SEPECAT_Jaguar;https://en.wikipedia.org/wiki/French_Air_Force;;;;
webis-ambient-117;sepecat jaguar french air force;ConQ;1;1;3;0;;https://en.wikipedia.org/wiki/SEPECAT_Jaguar;https://en.wikipedia.org/wiki/France;air force;;;
webis-ambient-118;locust music based in chicago;ConQ;1;0;3;;;https://en.wikipedia.org/wiki/Locust_Music;based in;https://en.wikipedia.org/wiki/Chicago;;;
webis-ambient-119;metamorphosis recorded by hilary duff;ConQ;1;0;3;;;https://en.wikipedia.org/wiki/Metamorphosis_(Hilary_Duff_album);recorded by;https://en.wikipedia.org/wiki/Hilary_Duff;;;
webis-ambient-120;metamorphosis recorded by iron butterfly;ConQ;1;0;3;;;https://en.wikipedia.org/wiki/Metamorphosis_(Iron_Butterfly_album);recorded by;https://en.wikipedia.org/wiki/Iron_Butterfly;;;
webis-ambient-121;mirage recorded by klaus schulze;ConQ;1;0;3;;;https://en.wikipedia.org/wiki/Mirage_(Klaus_Schulze_album);recorded by;https://en.wikipedia.org/wiki/Klaus_Schulze;;;
webis-ambient-122;rancho mirage in riverside county california;ConQ;1;0;3;;;https://en.wikipedia.org/wiki/Rancho_Mirage,_California;in;https://en.wikipedia.org/wiki/Riverside_County,_California;;;
webis-query-speller-411828140-0;cactus shadows high school;LQ;1;0;3;;;https://en.wikipedia.org/wiki/Cactus_Shadows_High_School;;;;;
webis-query-speller-103873-0;hot wheels for mcdonalds;ConQ;1;0;3;;;https://en.wikipedia.org/wiki/Hot_Wheels;for;https://en.wikipedia.org/wiki/McDonald%27s;;;
webis-query-speller-110596-1;valley childrens hospital;ConQ, LQ;2;0;3;;;https://en.wikipedia.org/wiki/Valley_Children%27s_Hospital;;;;;
webis-query-speller-110596-1;valley childrens hospital;ConQ, LQ;2;1;2;;;https://en.wikipedia.org/wiki/Valley,_Nova_Scotia;childrens hospital;;;;
webis-query-speller-110596-1;valley childrens hospital;ConQ, LQ;2;2;2;;;https://en.wikipedia.org/wiki/Valley,_Bavaria;childrens hospital;;;;
webis-query-speller-110596-1;valley childrens hospital;ConQ, LQ;2;3;2;;;https://en.wikipedia.org/wiki/Valley,_Alabama;childrens hospital;;;;
webis-query-speller-110596-1;valley childrens hospital;ConQ, LQ;2;4;2;;;https://en.wikipedia.org/wiki/Valley,_Nebraska;childrens hospital;;;;
webis-query-speller-110596-1;valley childrens hospital;ConQ, LQ;2;5;2;;;https://en.wikipedia.org/wiki/Valley,_New_Jersey;childrens hospital;;;;
webis-query-speller-110596-1;valley childrens hospital;ConQ, LQ;2;6;2;;;https://en.wikipedia.org/wiki/Valley,_Ohio;childrens hospital;;;;
webis-query-speller-110596-1;valley childrens hospital;ConQ, LQ;2;7;2;;;https://en.wikipedia.org/wiki/Valley,_Providence,_Rhode_Island;childrens hospital;;;;
webis-query-speller-110596-1;valley childrens hospital;ConQ, LQ;2;8;2;;;https://en.wikipedia.org/wiki/Valley,_Washington;childrens hospital;;;;
webis-query-speller-110596-1;valley childrens hospital;ConQ, LQ;2;9;2;;;https://en.wikipedia.org/wiki/Valley,_West_Virginia;childrens hospital;;;;
webis-query-speller-110596-1;valley childrens hospital;ConQ, LQ;2;10;2;;;https://en.wikipedia.org/wiki/Valley,_Wisconsin;childrens hospital;;;;
webis-query-speller-750505330-0;notary mesa college san diego;ConQ;1;0;3;;;notary;https://en.wikipedia.org/wiki/San_Diego_Mesa_College;https://en.wikipedia.org/wiki/San_Diego;;;
webis-query-speller-1127894949-0;green bay packers;LQ;1;0;3;;;https://en.wikipedia.org/wiki/Green_Bay_Packers;;;;;
webis-query-speller-443938558-0;the brecker brothers;LQ;1;0;3;;;https://en.wikipedia.org/wiki/Brecker_Brothers;;;;;
webis-query-speller-3735864696-0;gta vice city modding;ConQ;1;0;3;;;https://en.wikipedia.org/wiki/Grand_Theft_Auto:_Vice_City;modding;;;;
webis-query-speller-3735864696-0;gta vice city modding;ConQ;1;1;3;;;https://en.wikipedia.org/wiki/Grand_Theft_Auto;vice city;modding;;;
webis-query-speller-98789-2;dodge ram tires rims;ConQ;1;0;3;;;https://en.wikipedia.org/wiki/Ram_Pickup;tires;rims;;;
webis-query-speller-110397-1;united states marines world war 2;ConQ;1;0;3;;;https://en.wikipedia.org/wiki/United_States_Marine_Corps;https://en.wikipedia.org/wiki/World_War_II;;;;
webis-query-speller-2582731305-0;baseball hall of fame;LQ;2;0;3;;;https://en.wikipedia.org/wiki/National_Baseball_Hall_of_Fame_and_Museum;;;;;
webis-query-speller-2582731305-0;baseball hall of fame;LQ;2;1;2;;;https://en.wikipedia.org/wiki/National_College_Baseball_Hall_of_Fame;;;;;
webis-query-speller-2582731305-0;baseball hall of fame;LQ;2;2;2;;;https://en.wikipedia.org/wiki/Baseball_Australia_Hall_of_Fame;;;;;
webis-query-speller-2582731305-0;baseball hall of fame;LQ;2;3;2;;;https://en.wikipedia.org/wiki/Canadian_Baseball_Hall_of_Fame;;;;;
webis-query-speller-2582731305-0;baseball hall of fame;LQ;2;4;2;;;https://en.wikipedia.org/wiki/Caribbean_Baseball_Hall_of_Fame;;;;;
webis-query-speller-2582731305-0;baseball hall of fame;LQ;2;5;2;;;https://en.wikipedia.org/wiki/Cuban_Baseball_Hall_of_Fame;;;;;
webis-query-speller-2582731305-0;baseball hall of fame;LQ;2;6;2;;;https://en.wikipedia.org/wiki/Japanese_Baseball_Hall_of_Fame;;;;;
webis-query-speller-2582731305-0;baseball hall of fame;LQ;2;7;2;;;https://en.wikipedia.org/wiki/Mexican_Professional_Baseball_Hall_of_Fame;;;;;
webis-query-speller-2582731305-0;baseball hall of fame;LQ;2;8;2;;;https://en.wikipedia.org/wiki/Venezuelan_Baseball_Hall_of_Fame_and_Museum;;;;;
webis-query-speller-2765603910-0;great wraps franchising;ConQ;1;0;3;;;https://en.wikipedia.org/wiki/Great_Wraps;franchising;;;;
webis-query-speller-1005436118-0;elizabethtown the movie;ConQ;1;0;3;;;https://en.wikipedia.org/wiki/Elizabethtown_(film);the movie;;;;
webis-query-speller-497908156-0;sigma gamma rho artwork;ConQ;1;0;3;;;https://en.wikipedia.org/wiki/Sigma_Gamma_Rho;artwork;;;;
webis-query-speller-108715-0;serena williams photo;ConQ;1;0;3;;;https://en.wikipedia.org/wiki/Serena_Williams;photo;;;;
webis-query-speller-1549707055-0;budget rent a car logo;ConQ;2;0;3;;;https://en.wikipedia.org/wiki/Budget_Rent_a_Car;logo;;;;
webis-query-speller-1549707055-0;budget rent a car logo;ConQ;2;1;2;;;https://en.wikipedia.org/wiki/Budget_Rent_a_Car;https://en.wikipedia.org/wiki/Logo,_Mali;;;;
webis-query-speller-1549707055-0;budget rent a car logo;ConQ;2;2;2;;;https://en.wikipedia.org/wiki/Budget_Rent_a_Car;https://en.wikipedia.org/wiki/Logo,_Nigeria;;;;
webis-query-speller-1049275129-0;level 16 diner dash 2;ConQ;1;0;3;;;level 16;https://en.wikipedia.org/wiki/Diner_Dash_2:_Restaurant_Rescue;;;;
webis-query-speller-2915885954-0;martha stewart new bedford home;ConQ;1;0;3;;;https://en.wikipedia.org/wiki/Martha_Stewart;new;https://en.wikipedia.org/wiki/Bedford_(town),_New_York;home;;
webis-query-speller-1210936318-0;microsoft word tutorial;ConQ;1;0;3;;;https://en.wikipedia.org/wiki/Microsoft_Word;tutorial;;;;
webis-query-speller-103316-0;good news bible;ConQ, LQ;1;0;3;;;https://en.wikipedia.org/wiki/Good_News_Bible;;;;;
webis-query-speller-104362-0;installshield wizard;LQ;1;0;3;;;https://en.wikipedia.org/wiki/InstallShield;;;;;
webis-query-speller-3612074625-0;chicago cubs baseball tickets;ConQ;1;0;3;;;https://en.wikipedia.org/wiki/Chicago_Cubs;baseball tickets;;;;
webis-query-speller-1727932149-0;custer south dakota vacation;ConQ;1;0;3;;;https://en.wikipedia.org/wiki/Custer,_South_Dakota;vacation;;;;
webis-query-speller-985964546-0;washington irving quotes;ConQ;1;0;3;;;https://en.wikipedia.org/wiki/Washington_Irving;quotes;;;;
webis-query-speller-3406781964-0;final fantasy xi quest help;ConQ;1;0;3;;;https://en.wikipedia.org/wiki/Final_Fantasy_XI;quest help;;;;
webis-query-speller-3406781964-0;final fantasy xi quest help;ConQ;1;1;1;;;https://en.wikipedia.org/wiki/Final_Fantasy;xi quest;help;;;
webis-query-speller-285804341-0;jacksonville state university;LQ;1;0;3;;;https://en.wikipedia.org/wiki/Jacksonville_State_University;;;;;
webis-query-speller-1462762327-0;buffie the body;LQ;2;0;3;;;https://en.wikipedia.org/wiki/Buffie_Carruth;;;;;
webis-query-speller-156397506-0;how to win fatal frame 2;QQ;1;0;3;;;how to win;https://en.wikipedia.org/wiki/Fatal_Frame_II:_Crimson_Butterfly;;;;
webis-query-speller-1238042835-0;dogz 5 walkthroughs;ConQ;1;0;3;;;https://en.wikipedia.org/wiki/Petz;walkthroughs;;;;
webis-query-speller-354975743-0;jack wild oliver;ConQ;1;0;3;;;https://en.wikipedia.org/wiki/Jack_Wild;https://en.wikipedia.org/wiki/Oliver!_(film);;;;
webis-query-speller-2975851892-0;anderson civic center;LQ;1;0;3;;;https://en.wikipedia.org/wiki/Civic_Center_of_Anderson;;;;;
webis-query-speller-2975851892-0;anderson civic center;LQ;1;1;3;;;https://en.wikipedia.org/wiki/Anderson,_South_Carolina;civic center;;;;
webis-query-speller-2325654973-0;apartments in nacogdoches texas;ConQ;1;0;3;;;apartments in;https://en.wikipedia.org/wiki/Nacogdoches,_Texas;;;;
webis-query-speller-1463248985-0;barbie liberation organization;LQ;1;0;3;;;https://en.wikipedia.org/wiki/Barbie_Liberation_Organization;;;;;
webis-query-speller-100682-0;chad michael murray;LQ;1;0;3;;;https://en.wikipedia.org/wiki/Chad_Michael_Murray;;;;;
webis-query-speller-1858842117-0;daddy yankee lyrics;ConQ;1;0;3;;;https://en.wikipedia.org/wiki/Daddy_Yankee;lyrics;;;;
webis-query-speller-1080296346-0;grand theft auto san andreas cheats;ConQ;1;0;3;;;https://en.wikipedia.org/wiki/Grand_Theft_Auto:_San_Andreas;cheats;;;;
webis-query-speller-1080296346-0;grand theft auto san andreas cheats;ConQ;1;1;3;;;https://en.wikipedia.org/wiki/Grand_Theft_Auto;san andreas;cheats;;;
webis-query-speller-3739718218-0;west chester university;LQ;1;0;3;;;https://en.wikipedia.org/wiki/West_Chester_University;;;;;
webis-query-speller-4088714930-0;new yorker cartoonist gardner;ConQ;2;0;3;2;Gardner Rea was a cartoonist for the magazine The New Yorker;https://en.wikipedia.org/wiki/The_New_Yorker;cartoonist;https://en.wikipedia.org/wiki/Gardner_Rea;;;
webis-query-speller-4088714930-0;new yorker cartoonist gardner;ConQ;2;1;1;2;Gardner Rea the cartoonist who lived in Manhattan;https://en.wikipedia.org/wiki/New_York_(state);cartoonist;https://en.wikipedia.org/wiki/Gardner_Rea;;;
webis-query-speller-4088714930-0;new yorker cartoonist gardner;ConQ;2;2;2;0;Gardner Rea the cartoonist who lived in Manhattan;https://en.wikipedia.org/wiki/New_York_City;cartoonist;https://en.wikipedia.org/wiki/Gardner_Rea;;;
webis-query-speller-3281782114-0;hamilton beach product;ConQ;1;0;3;;;https://en.wikipedia.org/wiki/Hamilton_Beach_Brands;product;;;;
webis-query-speller-105565-0;lyrics to when you're mad;ConQ;1;0;3;;;lyrics to;https://en.wikipedia.org/wiki/When_You%27re_Mad;;;;
webis-query-speller-3099093762-0;saharanpur district india;ConQ;1;0;3;;;https://en.wikipedia.org/wiki/Saharanpur_district;https://en.wikipedia.org/wiki/India;;;;
webis-query-speller-1734906818-0;cadillac palace theater;LQ;1;0;3;;;https://en.wikipedia.org/wiki/Cadillac_Palace_Theatre;;;;;
webis-query-speller-2292684340-0;ocean downs racetrack maryland;ConQ;1;0;3;;;https://en.wikipedia.org/wiki/Ocean_Downs;https://en.wikipedia.org/wiki/Maryland;;;;
webis-query-speller-2675040950-0;calvin klein slip;ConQ;2;0;3;;;https://en.wikipedia.org/wiki/Calvin_Klein_(company);slip;;;;
webis-query-speller-2675040950-0;calvin klein slip;ConQ;2;1;1;;;https://en.wikipedia.org/wiki/Calvin_Klein;slip;;;;
webis-query-speller-2141226087-0;round rock texas library;ConQ, SolEnQ;2;0;3;;;https://en.wikipedia.org/wiki/Round_Rock,_Texas;library;;;;
webis-query-speller-2098329765-0;beach boys t-shirts;ConQ;2;0;3;;;https://en.wikipedia.org/wiki/The_Beach_Boys;t-shirts;;;;
webis-query-speller-2098329765-0;beach boys t-shirts;ConQ;2;1;2;;;https://en.wikipedia.org/wiki/The_Beach_Boys_(album);t-shirts;;;;
webis-query-speller-2098329765-0;beach boys t-shirts;ConQ;2;2;1;;;beach boys;t-shirts;;;;
webis-query-speller-822074314-0;fatty liver disease;ConQ;1;0;3;;;fatty liver disease;;;;;
webis-query-speller-2311966135-0;douglas preston and lincoln child;ConQ;1;0;3;;;https://en.wikipedia.org/wiki/Douglas_Preston;and ;https://en.wikipedia.org/wiki/Lincoln_Child;;;
webis-query-speller-761994842-0;philadelphia cricket club;ConQ, LQ;2;0;3;;;https://en.wikipedia.org/wiki/Philadelphia_Cricket_Club;;;;;
webis-query-speller-761994842-0;philadelphia cricket club;ConQ, LQ;2;1;3;;;https://en.wikipedia.org/wiki/Philadelphia;cricket club;;;;
webis-query-speller-2964811905-0;sound blaster live;ConQ, LQ;2;0;3;;;https://en.wikipedia.org/wiki/Sound_Blaster_Live!;;;;;
webis-query-speller-2964811905-0;sound blaster live;ConQ, LQ;2;1;3;;;https://en.wikipedia.org/wiki/Sound_blaster;live;;;;
webis-query-speller-2771461765-0;pruning walnut trees;ConQ;1;0;3;;;pruning;walnut trees;;;;
webis-query-speller-100105-0;bob the builder;LQ;2;0;3;;;https://en.wikipedia.org/wiki/Bob_the_Builder;;;;;
webis-query-speller-100105-0;bob the builder;LQ;2;1;3;;;https://en.wikipedia.org/wiki/Bob_the_Builder_(2015_TV_series);;;;;
webis-query-speller-571587773-0;white settlement school district;ConQ, LQ;2;0;3;;;https://en.wikipedia.org/wiki/White_Settlement_Independent_School_District;;;;;
webis-query-speller-571587773-0;white settlement school district;ConQ, LQ;2;1;3;;;https://en.wikipedia.org/wiki/White_Settlement,_Texas;school district;;;;
webis-query-speller-716416874-0;electronic arts contact us;ConQ;1;0;3;;;https://en.wikipedia.org/wiki/Electronic_Arts;contact us;;;;
webis-query-speller-107176-0;panic at the disco;ConQ, LQ;2;0;3;;;https://en.wikipedia.org/wiki/Panic!_at_the_Disco;;;;;
webis-query-speller-107176-0;panic at the disco;ConQ, LQ;2;1;2;;;panic;at the disco;;;;
webis-query-speller-3595448671-0;the da vinci hoax;ConQ, LQ;2;0;3;;The book called The Da Vinci Hoax written for critiquing Dan Brownâ€™s book the Da Vinci Code;https://en.wikipedia.org/wiki/The_Da_Vinci_Hoax;;;;;
webis-query-speller-3595448671-0;the da vinci hoax;ConQ, LQ;2;1;3;;The hoax that bicycle was invented by Leonardo da Vinci (https://www.welovecycling.com/wide/2017/03/17/leonardo-da-vinci-invent-bicycle/);the;https://en.wikipedia.org/wiki/Leonardo_da_Vinci;hoax;;;
webis-query-speller-2638321139-0;map of staten island;ConQ;2;0;3;;;map of;https://en.wikipedia.org/wiki/Staten_Island;;;;
webis-query-speller-2638321139-0;map of staten island;ConQ;2;1;3;;;map of;https://en.wikipedia.org/wiki/Staten_Island_(California);;;;
webis-query-speller-108857-0;silver lake regional high school;LQ;1;0;3;;;https://en.wikipedia.org/wiki/Silver_Lake_Regional_High_School;;;;;
webis-query-speller-3888498656-0;aol explorer browser;ConQ;1;0;3;;;https://en.wikipedia.org/wiki/AOL_Explorer;browser;;;;
webis-query-speller-3888498656-0;aol explorer browser;ConQ;1;1;3;;;https://en.wikipedia.org/wiki/AOL;explorer;browser;;;
webis-query-speller-2738546997-0;jamie lynn spears;LQ;1;0;3;;;https://en.wikipedia.org/wiki/Jamie_Lynn_Spears;;;;;
webis-query-speller-870458748-0;microsoft game studios pc;ConQ;1;0;3;;;https://en.wikipedia.org/wiki/Xbox_Game_Studios;pc;;;;
webis-query-speller-870458748-0;microsoft game studios pc;ConQ;1;1;3;;;https://en.wikipedia.org/wiki/Microsoft;game studios;pc;;;
webis-query-speller-875876006-0;albert the great;LQ;1;0;3;;;https://en.wikipedia.org/wiki/Albertus_Magnus;;;;;
webis-query-speller-370150537-0;zizzle handheld pinball;ConQ;1;0;3;;;https://en.wikipedia.org/wiki/Zizzle;handheld pinball;;;;
webis-query-speller-2872140299-0;was da vinci married;QQ;2;0;3;;;was;https://en.wikipedia.org/wiki/Leonardo_da_Vinci;married;;;
webis-query-speller-2872140299-0;was da vinci married;QQ;2;1;2;;;was;https://en.wikipedia.org/wiki/Pierino_da_Vinci;married;;;
webis-query-speller-2872140299-0;was da vinci married;QQ;2;2;2;;;was;https://en.wikipedia.org/wiki/Paul_Da_Vinci;married;;;
webis-query-speller-2444746107-0;payless shoe store;ConQ;1;0;3;;;https://en.wikipedia.org/wiki/Payless_ShoeSource;shoe store;;;;
webis-query-speller-2444746107-0;payless shoe store;ConQ;1;1;2;;;payless;shoe store;;;;
webis-query-speller-2785964758-0;picture of vermont counties;ConQ;1;0;3;;;picture of;https://en.wikipedia.org/wiki/Vermont;counties;;;
webis-query-speller-3572804324-0;native american church;ConQ, LQ;1;0;3;;;https://en.wikipedia.org/wiki/Native_American_Church;;;;;
webis-query-speller-3572804324-0;native american church;ConQ, LQ;1;1;2;;Church of the native american people;native american;church;;;;
webis-query-speller-3572804324-0;native american church;ConQ, LQ;1;2;1;;American Church of the native people;native;american church;;;;
webis-query-speller-938501913;victoria jackson cosmetics;ConQ, LQ;2;0;3;1;;http://vjcosmetics.com/;;;;;
webis-query-speller-938501913;victoria jackson cosmetics;ConQ, LQ;2;1;2;0;;https://en.wikipedia.org/wiki/Victoria_Jackson_(entrepreneur);cosmetics;;;;
webis-query-speller-938501913;victoria jackson cosmetics;ConQ, LQ;2;2;1;;;https://en.wikipedia.org/wiki/Victoria_Jackson;cosmetics;;;;
webis-query-speller-267938419;provo canyon academy;ConQ, LQ;2;0;3;;;https://en.wikipedia.org/wiki/Provo_Canyon_School;;;;;
webis-query-speller-267938419;provo canyon academy;ConQ, LQ;2;1;2;;;https://en.wikipedia.org/wiki/Provo_Canyon;academy;;;;
webis-query-speller-267938419;provo canyon academy;ConQ, LQ;2;2;2;;;https://en.wikipedia.org/wiki/Provo,_Utah;canyon;academy;;;
