ID;TASK;QUERY;CAT;DIFFICULTY;MENTION#0;URL#0;RELEVANCE#0;MENTION#1;URL#1;RELEVANCE#1;MENTION#2;URL#2;RELEVANCE#2;MENTION#3;URL#3;RELEVANCE#3;MENTION#4;URL#4;RELEVANCE#4;MENTION#5;URL#5;RELEVANCE#5;MENTION#6;URL#6;RELEVANCE#6;MENTION#7;URL#7;RELEVANCE#7;MENTION#8;URL#8;RELEVANCE#8;MENTION#9;URL#9;RELEVANCE#9;;;;;;;;;;;;;;;;;;;;;;;;;;;;;;;;;
webis-001;exer;new york times square dance;ConQ;2;new york times;https://en.wikipedia.org/wiki/The_New_York_Times;2;new york;https://en.wikipedia.org/wiki/New_York_City;2;new york;https://en.wikipedia.org/wiki/New_York_(state);1;times square;https://en.wikipedia.org/wiki/Times_Square;2;square dance;https://en.wikipedia.org/wiki/Square_Dance_(ballet);1;square dance;https://en.wikipedia.org/wiki/Square_Dance_(film);2;;;;;;;;;;;;;;;;;;;;;;;;;;;;;;;;;;;;;;;;;;;;;
webis-001;imer;new york times square dance;ConQ;2;;;;;;;;;;;;;;;;;;;;;;;;;;;;;;;;;;;;;;;;;;;;;;;;;;;;;;;;;;;;;;;
webis-002;exer;skyline drive in west virginia;ConQ, LQ;2;skyline drive;https://en.wikipedia.org/wiki/Skyline_Drive;2;west virginia;https://en.wikipedia.org/wiki/West_Virginia;2;virginia;https://en.wikipedia.org/wiki/Virginia;2;skyline drive in;http://cinematreasures.org/theaters/58183;2;;;;;;;;;;;;;;;;;;;;;;;;;;;;;;;;;;;;;;;;;;;;;;;;;;;
webis-002;imer;skyline drive in west virginia;ConQ, LQ;2;;;;;;;;;;;;;;;;;;;;;;;;;;;;;;;;;;;;;;;;;;;;;;;;;;;;;;;;;;;;;;;
webis-003;exer;elton john wayne rooney;ConQ;2;elton john;https://en.wikipedia.org/wiki/Elton_John;2;elton john;https://en.wikipedia.org/wiki/Elton_John_(footballer);1;john wayne;https://en.wikipedia.org/wiki/John_Wayne;2;wayne rooney;https://en.wikipedia.org/wiki/Wayne_Rooney;2;;;;;;;;;;;;;;;;;;;;;;;;;;;;;;;;;;;;;;;;;;;;;;;;;;;
webis-003;imer;elton john wayne rooney;ConQ;2;;;;;;;;;;;;;;;;;;;;;;;;;;;;;;;;;;;;;;;;;;;;;;;;;;;;;;;;;;;;;;;
webis-004;exer;frank zappa mother;ConQ, RQ;3;frank zappa;https://en.wikipedia.org/wiki/Frank_Zappa;2;mother;https://en.wikipedia.org/wiki/The_Mothers_of_Invention;2;;;;;;;;;;;;;;;;;;;;;;;;;;;;;;;;;;;;;;;;;;;;;;;;;;;;;;;;;
webis-004;imer;frank zappa mother;ConQ, RQ;3;mother;http://wiki.killuglyradio.com/wiki/Rose_Marie_Zappa;2;;;;;;;;;;;;;;;;;;;;;;;;;;;;;;;;;;;;;;;;;;;;;;;;;;;;;;;;;;;;
webis-005;exer;big data problem;ConQ;2;big data;https://en.wikipedia.org/wiki/Big_Data_(band);1;data;https://en.wikipedia.org/wiki/DATA_(band);1;big data;https://en.wikipedia.org/wiki/Big_data;2;;;;;;;;;;;;;;;;;;;;;;;;;;;;;;;;;;;;;;;;;;;;;;;;;;;;;;
webis-005;imer;big data problem;ConQ;2;;;;;;;;;;;;;;;;;;;;;;;;;;;;;;;;;;;;;;;;;;;;;;;;;;;;;;;;;;;;;;;
webis-006;exer;camden riversharks;ConQ, LQ;2;camden riversharks;https://en.wikipedia.org/wiki/Camden_Riversharks;2;camden;https://en.wikipedia.org/wiki/Camden,_New_South_Wales;1;camden;https://en.wikipedia.org/wiki/Camden,_Nova_Scotia;1;camden;https://en.wikipedia.org/wiki/Camden,_Alabama;1;camden;https://en.wikipedia.org/wiki/Camden,_Arkansas;1;camden;https://en.wikipedia.org/wiki/Camden,_Fresno_County,_California;1;camden;https://en.wikipedia.org/wiki/Camden,_Delaware;1;camden;https://en.wikipedia.org/wiki/Camden,_Illinois;1;camden;https://en.wikipedia.org/wiki/Camden,_Indiana;1;camden;https://en.wikipedia.org/wiki/Camden,_Maine;1;camden;https://en.wikipedia.org/wiki/Camden,_Michigan;1;camden;https://en.wikipedia.org/wiki/Camden,_Minneapolis;1;camden;https://en.wikipedia.org/wiki/Camden,_Missouri;1;camden;https://en.wikipedia.org/wiki/Camden,_New_Jersey;1;camden;https://en.wikipedia.org/wiki/Camden,_New_York;1;camden;https://en.wikipedia.org/wiki/Camden,_North_Carolina;1;camden;https://en.wikipedia.org/wiki/Camden,_Ohio;1;camden;https://en.wikipedia.org/wiki/Camden,_South_Carolina;1;camden;https://en.wikipedia.org/wiki/Camden,_Tennessee;1;camden;https://en.wikipedia.org/wiki/Camden,_Texas;1;camden;https://en.wikipedia.org/wiki/Camden,_Mississippi;1
webis-006;imer;camden riversharks;ConQ, LQ;2;camden;https://en.wikipedia.org/wiki/Camden_Haven_River;2;camden riversharks;https://www.adventureaquarium.com/What-To-Do/Attractions/Shark-Realm;1;;;;;;;;;;;;;;;;;;;;;;;;;;;;;;;;;;;;;;;;;;;;;;;;;;;;;;;;;
webis-007;exer;kendrick lamar i tunes;ConQ;2;kendrick lamar;https://en.wikipedia.org/wiki/Kendrick_Lamar;2;kendrick lamar;https://en.wikipedia.org/wiki/Kendrick_Lamar_(EP);2;i;https://en.wikipedia.org/wiki/I_(Kendrick_Lamar_song);1;i tunes;https://en.wikipedia.org/wiki/ITunes;2;;;;;;;;;;;;;;;;;;;;;;;;;;;;;;;;;;;;;;;;;;;;;;;;;;;
webis-007;imer;kendrick lamar i tunes;ConQ;2;;;;;;;;;;;;;;;;;;;;;;;;;;;;;;;;;;;;;;;;;;;;;;;;;;;;;;;;;;;;;;;
webis-008;exer;kenneth cole black friday sale;ConQ;2;kenneth cole;https://en.wikipedia.org/wiki/Kenneth_Cole_(designer);2;black friday;https://en.wikipedia.org/wiki/Black_Friday_(shopping);2;black;https://www.amazon.com/Kenneth-Cole-Black-3-4-Fl/dp/B00CEK10Q2;2;kenneth;https://en.wikipedia.org/wiki/Kenneth,_Indiana;1;kenneth;https://en.wikipedia.org/wiki/Kenneth,_Minnesota;1;cole black;https://en.wikipedia.org/wiki/Cole_Black;1;;;;;;;;;;;;;;;;;;;;;;;;;;;;;;;;;;;;;;;;;;;;;
webis-008;imer;kenneth cole black friday sale;ConQ;2;;;;;;;;;;;;;;;;;;;;;;;;;;;;;;;;;;;;;;;;;;;;;;;;;;;;;;;;;;;;;;;
webis-009;exer;first aid kit fireworks;ConQ;2;first aid kit;https://en.wikipedia.org/wiki/First_Aid_Kit_(band);2;fireworks;https://www.amazon.de/Fireworks/dp/B076L6M3DV;2;;;;;;;;;;;;;;;;;;;;;;;;;;;;;;;;;;;;;;;;;;;;;;;;;;;;;;;;;
webis-009;imer;first aid kit fireworks;ConQ;2;;;;;;;;;;;;;;;;;;;;;;;;;;;;;;;;;;;;;;;;;;;;;;;;;;;;;;;;;;;;;;;
webis-010;exer;frankie goes hollywood;ConQ, LQ;2;frankie goes hollywood;https://en.wikipedia.org/wiki/Frankie_Goes_to_Hollywood;2;frankie goes hollywood;https://en.wikipedia.org/wiki/Frankie_Goes_to_Hollywood_(video_game);2;frankie;https://en.wikipedia.org/wiki/Frank_Sinatra;1;hollywood;https://en.wikipedia.org/wiki/Hollywood;1;;;;;;;;;;;;;;;;;;;;;;;;;;;;;;;;;;;;;;;;;;;;;;;;;;;
webis-010;imer;frankie goes hollywood;ConQ, LQ;2;;;;;;;;;;;;;;;;;;;;;;;;;;;;;;;;;;;;;;;;;;;;;;;;;;;;;;;;;;;;;;;
webis-011;exer;cage the elephant;ConQ, LQ;2;cage the elephant;https://en.wikipedia.org/wiki/Cage_the_Elephant;2;;;;;;;;;;;;;;;;;;;;;;;;;;;;;;;;;;;;;;;;;;;;;;;;;;;;;;;;;;;;
webis-011;imer;cage the elephant;ConQ, LQ;2;;;;;;;;;;;;;;;;;;;;;;;;;;;;;;;;;;;;;;;;;;;;;;;;;;;;;;;;;;;;;;;
webis-012;exer;page played kashmir knebworth les paul tuned uniquely;ConQ, LQ;2;page;https://en.wikipedia.org/wiki/Jimmy_Page;2;kashmir;https://en.wikipedia.org/wiki/Kashmir_(song);2;knebworth;https://en.wikipedia.org/wiki/Knebworth_Festival_1979;2;les paul;https://en.wikipedia.org/wiki/Gibson_Les_Paul;2;knebworth;https://en.wikipedia.org/wiki/Knebworth;1;les paul;https://en.wikipedia.org/wiki/Les_Paul;1;kashmir;https://en.wikipedia.org/wiki/Kashmir;1;;;;;;;;;;;;;;;;;;;;;;;;;;;;;;;;;;;;;;;;;;
webis-012;imer;page played kashmir knebworth les paul tuned uniquely;ConQ, LQ;2;;;;;;;;;;;;;;;;;;;;;;;;;;;;;;;;;;;;;;;;;;;;;;;;;;;;;;;;;;;;;;;
webis-013;exer;tom cruise ship scene;ConQ;2;tom cruise;https://en.wikipedia.org/wiki/Tom_Cruise;2;tom;https://en.wikipedia.org/wiki/Tom_and_Jerry;1;;;;;;;;;;;;;;;;;;;;;;;;;;;;;;;;;;;;;;;;;;;;;;;;;;;;;;;;;
webis-013;imer;tom cruise ship scene;ConQ;2;;;;;;;;;;;;;;;;;;;;;;;;;;;;;;;;;;;;;;;;;;;;;;;;;;;;;;;;;;;;;;;
webis-ambient-001;exer;aida by giuseppe verdi;ConQ;1;aida;https://en.wikipedia.org/wiki/Aida;2;giuseppe verdi;https://en.wikipedia.org/wiki/Giuseppe_Verdi;2;;;;;;;;;;;;;;;;;;;;;;;;;;;;;;;;;;;;;;;;;;;;;;;;;;;;;;;;;
webis-ambient-001;imer;aida by giuseppe verdi;ConQ;1;;;;;;;;;;;;;;;;;;;;;;;;;;;;;;;;;;;;;;;;;;;;;;;;;;;;;;;;;;;;;;;
webis-ambient-002;exer;aida by elton john and tim rice;ConQ;1;aida;https://en.wikipedia.org/wiki/Aida_(musical);2;elton john;https://en.wikipedia.org/wiki/Elton_John;2;tim rice;https://en.wikipedia.org/wiki/Tim_Rice;2;;;;;;;;;;;;;;;;;;;;;;;;;;;;;;;;;;;;;;;;;;;;;;;;;;;;;;
webis-ambient-002;imer;aida by elton john and tim rice;ConQ;1;;;;;;;;;;;;;;;;;;;;;;;;;;;;;;;;;;;;;;;;;;;;;;;;;;;;;;;;;;;;;;;
webis-ambient-003;exer;aida palestinian refugee camp;ConQ;1;aida;https://en.wikipedia.org/wiki/Aida_Camp;2;;;;;;;;;;;;;;;;;;;;;;;;;;;;;;;;;;;;;;;;;;;;;;;;;;;;;;;;;;;;
webis-ambient-003;imer;aida palestinian refugee camp;ConQ;1;;;;;;;;;;;;;;;;;;;;;;;;;;;;;;;;;;;;;;;;;;;;;;;;;;;;;;;;;;;;;;;
webis-ambient-004;exer;aida starring sophia loren 1953;ConQ;1;aida;https://en.wikipedia.org/wiki/Aida_(1953_film);2;sophia loren;https://en.wikipedia.org/wiki/Sophia_Loren;2;;;;;;;;;;;;;;;;;;;;;;;;;;;;;;;;;;;;;;;;;;;;;;;;;;;;;;;;;
webis-ambient-004;imer;aida starring sophia loren 1953;ConQ;1;;;;;;;;;;;;;;;;;;;;;;;;;;;;;;;;;;;;;;;;;;;;;;;;;;;;;;;;;;;;;;;
webis-ambient-005;exer;b-52 stratofortress bomber aircraft designed by boeing;ConQ;1;b-52 stratofortress bomber aircraft;https://en.wikipedia.org/wiki/Boeing_B-52_Stratofortress;2;boeing;https://en.wikipedia.org/wiki/Boeing;2;;;;;;;;;;;;;;;;;;;;;;;;;;;;;;;;;;;;;;;;;;;;;;;;;;;;;;;;;
webis-ambient-005;imer;b-52 stratofortress bomber aircraft designed by boeing;ConQ;1;;;;;;;;;;;;;;;;;;;;;;;;;;;;;;;;;;;;;;;;;;;;;;;;;;;;;;;;;;;;;;;
webis-ambient-006;exer;the b-52s rock band;ConQ;2;the b-52s;https://en.wikipedia.org/wiki/The_B-52%27s;2;rock band;https://en.wikipedia.org/wiki/Rock_Band;1;rock band;https://en.wikipedia.org/wiki/Rock_Band_(video_game);1;rock band;https://en.wikipedia.org/wiki/Rock_Band_(iOS);1;;;;;;;;;;;;;;;;;;;;;;;;;;;;;;;;;;;;;;;;;;;;;;;;;;;
webis-ambient-006;imer;the b-52s rock band;ConQ;2;;;;;;;;;;;;;;;;;;;;;;;;;;;;;;;;;;;;;;;;;;;;;;;;;;;;;;;;;;;;;;;
webis-ambient-007;exer;the bronx borough in new york city;ConQ;1;the bronx;https://en.wikipedia.org/wiki/The_Bronx;2;new york city;https://en.wikipedia.org/wiki/New_York_City;2;;;;;;;;;;;;;;;;;;;;;;;;;;;;;;;;;;;;;;;;;;;;;;;;;;;;;;;;;
webis-ambient-007;imer;the bronx borough in new york city;ConQ;1;;;;;;;;;;;;;;;;;;;;;;;;;;;;;;;;;;;;;;;;;;;;;;;;;;;;;;;;;;;;;;;
webis-ambient-008;exer;bronx botanical garden;LQ;1;bronx botanical garden;https://en.wikipedia.org/wiki/New_York_Botanical_Garden;2;;;;;;;;;;;;;;;;;;;;;;;;;;;;;;;;;;;;;;;;;;;;;;;;;;;;;;;;;;;;
webis-ambient-008;imer;bronx botanical garden;LQ;1;;;;;;;;;;;;;;;;;;;;;;;;;;;;;;;;;;;;;;;;;;;;;;;;;;;;;;;;;;;;;;;
webis-ambient-009;exer;a bronx morning film from 1931;ConQ;1;a bronx morning;https://en.wikipedia.org/wiki/A_Bronx_Morning;2;;;;;;;;;;;;;;;;;;;;;;;;;;;;;;;;;;;;;;;;;;;;;;;;;;;;;;;;;;;;
webis-ambient-009;imer;a bronx morning film from 1931;ConQ;1;;;;;;;;;;;;;;;;;;;;;;;;;;;;;;;;;;;;;;;;;;;;;;;;;;;;;;;;;;;;;;;
webis-ambient-010;exer;dean cain;LQ;1;dean cain;https://en.wikipedia.org/wiki/Dean_Cain;2;;;;;;;;;;;;;;;;;;;;;;;;;;;;;;;;;;;;;;;;;;;;;;;;;;;;;;;;;;;;
webis-ambient-010;imer;dean cain;LQ;1;;;;;;;;;;;;;;;;;;;;;;;;;;;;;;;;;;;;;;;;;;;;;;;;;;;;;;;;;;;;;;;
webis-ambient-011;exer;herb cain;LQ;1;herb cain;https://en.wikipedia.org/wiki/Herb_Cain;2;;;;;;;;;;;;;;;;;;;;;;;;;;;;;;;;;;;;;;;;;;;;;;;;;;;;;;;;;;;;
webis-ambient-011;imer;herb cain;LQ;1;;;;;;;;;;;;;;;;;;;;;;;;;;;;;;;;;;;;;;;;;;;;;;;;;;;;;;;;;;;;;;;
webis-ambient-012;exer;james m cain;LQ;1;james m cain;https://en.wikipedia.org/wiki/James_M._Cain;2;;;;;;;;;;;;;;;;;;;;;;;;;;;;;;;;;;;;;;;;;;;;;;;;;;;;;;;;;;;;
webis-ambient-012;imer;james m cain;LQ;1;;;;;;;;;;;;;;;;;;;;;;;;;;;;;;;;;;;;;;;;;;;;;;;;;;;;;;;;;;;;;;;
webis-ambient-013;exer;liz cain;LQ;1;liz cain;https://en.wikipedia.org/wiki/Elizabeth_Cain;2;;;;;;;;;;;;;;;;;;;;;;;;;;;;;;;;;;;;;;;;;;;;;;;;;;;;;;;;;;;;
webis-ambient-013;imer;liz cain;LQ;1;;;;;;;;;;;;;;;;;;;;;;;;;;;;;;;;;;;;;;;;;;;;;;;;;;;;;;;;;;;;;;;
webis-ambient-014;exer;cain by lord byron;ConQ;1;cain;https://en.wikipedia.org/wiki/Cain_(play);2;lord byron;https://en.wikipedia.org/wiki/Lord_Byron;2;;;;;;;;;;;;;;;;;;;;;;;;;;;;;;;;;;;;;;;;;;;;;;;;;;;;;;;;;
webis-ambient-014;imer;cain by lord byron;ConQ;1;;;;;;;;;;;;;;;;;;;;;;;;;;;;;;;;;;;;;;;;;;;;;;;;;;;;;;;;;;;;;;;
webis-ambient-015;exer;camel cigarette brand from the usa;ConQ;1;camel;https://en.wikipedia.org/wiki/Camel_(cigarette);2;usa;https://en.wikipedia.org/wiki/United_States;2;;;;;;;;;;;;;;;;;;;;;;;;;;;;;;;;;;;;;;;;;;;;;;;;;;;;;;;;;
webis-ambient-015;imer;camel cigarette brand from the usa;ConQ;1;;;;;;;;;;;;;;;;;;;;;;;;;;;;;;;;;;;;;;;;;;;;;;;;;;;;;;;;;;;;;;;
webis-ambient-016;exer;the cube 1969 directed by jim henson;ConQ;1;the cube;https://en.wikipedia.org/wiki/The_Cube_(film);2;jim henson;https://en.wikipedia.org/wiki/Jim_Henson;2;;;;;;;;;;;;;;;;;;;;;;;;;;;;;;;;;;;;;;;;;;;;;;;;;;;;;;;;;
webis-ambient-016;imer;the cube 1969 directed by jim henson;ConQ;1;;;;;;;;;;;;;;;;;;;;;;;;;;;;;;;;;;;;;;;;;;;;;;;;;;;;;;;;;;;;;;;
webis-ambient-017;exer;nintendo gamecube;LQ;1;nintendo gamecube;https://en.wikipedia.org/wiki/GameCube;2;nintendo;https://en.wikipedia.org/wiki/Nintendo;2;;;;;;;;;;;;;;;;;;;;;;;;;;;;;;;;;;;;;;;;;;;;;;;;;;;;;;;;;
webis-ambient-017;imer;nintendo gamecube;LQ;1;;;;;;;;;;;;;;;;;;;;;;;;;;;;;;;;;;;;;;;;;;;;;;;;;;;;;;;;;;;;;;;
webis-ambient-018;exer;aprilia rs3 cube;LQ;1;aprilia rs3 cube;https://en.wikipedia.org/wiki/Aprilia_RS_Cube;2;aprilia;https://en.wikipedia.org/wiki/Aprilia;2;aprilia;https://en.wikipedia.org/wiki/Aprilia,_Lazio;1;;;;;;;;;;;;;;;;;;;;;;;;;;;;;;;;;;;;;;;;;;;;;;;;;;;;;;
webis-ambient-018;imer;aprilia rs3 cube;LQ;1;;;;;;;;;;;;;;;;;;;;;;;;;;;;;;;;;;;;;;;;;;;;;;;;;;;;;;;;;;;;;;;
webis-ambient-019;exer;nissan cube;LQ;1;nissan cube;https://en.wikipedia.org/wiki/Nissan_Cube;2;nissan;https://en.wikipedia.org/wiki/Nissan;2;;;;;;;;;;;;;;;;;;;;;;;;;;;;;;;;;;;;;;;;;;;;;;;;;;;;;;;;;
webis-ambient-019;imer;nissan cube;LQ;1;;;;;;;;;;;;;;;;;;;;;;;;;;;;;;;;;;;;;;;;;;;;;;;;;;;;;;;;;;;;;;;
webis-ambient-020;exer;power mac g4 cube from apple;ConQ;2;power mac g4 cube;https://en.wikipedia.org/wiki/Power_Mac_G4_Cube;2;apple;https://en.wikipedia.org/wiki/Apple_Inc.;2;power mac;https://en.wikipedia.org/wiki/Power_Macintosh;2;apple;https://en.wikipedia.org/wiki/Apple,_Oklahoma;1;;;;;;;;;;;;;;;;;;;;;;;;;;;;;;;;;;;;;;;;;;;;;;;;;;;
webis-ambient-020;imer;power mac g4 cube from apple;ConQ;2;;;;;;;;;;;;;;;;;;;;;;;;;;;;;;;;;;;;;;;;;;;;;;;;;;;;;;;;;;;;;;;
webis-ambient-021;exer;excalibur of king arthur;ConQ;2;excalibur;https://en.wikipedia.org/wiki/Excalibur;2;king arthur;https://en.wikipedia.org/wiki/King_Arthur;2;king arthur;https://en.wikipedia.org/wiki/King_Arthur_(TV_series);1;king arthur;https://en.wikipedia.org/wiki/King_Arthur_(2004_film);1;king arthur;https://en.wikipedia.org/wiki/King_Arthur_(video_game);1;king arthur;https://en.wikipedia.org/wiki/King_Arthur_(opera);1;;;;;;;;;;;;;;;;;;;;;;;;;;;;;;;;;;;;;;;;;;;;;
webis-ambient-021;imer;excalibur of king arthur;ConQ;2;;;;;;;;;;;;;;;;;;;;;;;;;;;;;;;;;;;;;;;;;;;;;;;;;;;;;;;;;;;;;;;
webis-ambient-022;exer;excalibur produced by john boorman;ConQ;1;excalibur;https://en.wikipedia.org/wiki/Excalibur_(film);2;john boorman;https://en.wikipedia.org/wiki/John_Boorman;2;;;;;;;;;;;;;;;;;;;;;;;;;;;;;;;;;;;;;;;;;;;;;;;;;;;;;;;;;
webis-ambient-022;imer;excalibur produced by john boorman;ConQ;1;;;;;;;;;;;;;;;;;;;;;;;;;;;;;;;;;;;;;;;;;;;;;;;;;;;;;;;;;;;;;;;
webis-ambient-023;exer;excalibur by grave digger;ConQ;1;excalibur;https://en.wikipedia.org/wiki/Excalibur_(Grave_Digger_album);2;grave digger;https://en.wikipedia.org/wiki/Grave_Digger_(band);2;;;;;;;;;;;;;;;;;;;;;;;;;;;;;;;;;;;;;;;;;;;;;;;;;;;;;;;;;
webis-ambient-023;imer;excalibur by grave digger;ConQ;1;;;;;;;;;;;;;;;;;;;;;;;;;;;;;;;;;;;;;;;;;;;;;;;;;;;;;;;;;;;;;;;
webis-ambient-024;exer;excalibur designed by chris crawford;ConQ;1;excalibur;https://en.wikipedia.org/wiki/Excalibur_(video_game);2;chris crawford;https://en.wikipedia.org/wiki/Chris_Crawford_(game_designer);2;;;;;;;;;;;;;;;;;;;;;;;;;;;;;;;;;;;;;;;;;;;;;;;;;;;;;;;;;
webis-ambient-024;imer;excalibur designed by chris crawford;ConQ;1;;;;;;;;;;;;;;;;;;;;;;;;;;;;;;;;;;;;;;;;;;;;;;;;;;;;;;;;;;;;;;;
webis-ambient-025;exer;excalibur written by sanders anne laubenthal;ConQ;1;excalibur;https://en.wikipedia.org/wiki/Excalibur_(novel);2;sanders anne laubenthal;https://en.wikipedia.org/wiki/Sanders_Anne_Laubenthal;2;;;;;;;;;;;;;;;;;;;;;;;;;;;;;;;;;;;;;;;;;;;;;;;;;;;;;;;;;
webis-ambient-025;imer;excalibur written by sanders anne laubenthal;ConQ;1;;;;;;;;;;;;;;;;;;;;;;;;;;;;;;;;;;;;;;;;;;;;;;;;;;;;;;;;;;;;;;;
webis-ambient-026;exer;hms excalibur constructed for royal navy;ConQ;1;hms excalibur;https://en.wikipedia.org/wiki/HMS_Excalibur;2;royal navy;https://en.wikipedia.org/wiki/Royal_Navy;2;;;;;;;;;;;;;;;;;;;;;;;;;;;;;;;;;;;;;;;;;;;;;;;;;;;;;;;;;
webis-ambient-026;imer;hms excalibur constructed for royal navy;ConQ;1;;;;;;;;;;;;;;;;;;;;;;;;;;;;;;;;;;;;;;;;;;;;;;;;;;;;;;;;;;;;;;;
webis-ambient-027;exer;gabriel fahrenheit german physicist;ConQ;1;gabriel fahrenheit;https://en.wikipedia.org/wiki/Daniel_Gabriel_Fahrenheit;2;german;https://en.wikipedia.org/wiki/Germany;2;;;;;;;;;;;;;;;;;;;;;;;;;;;;;;;;;;;;;;;;;;;;;;;;;;;;;;;;;
webis-ambient-027;imer;gabriel fahrenheit german physicist;ConQ;1;;;;;;;;;;;;;;;;;;;;;;;;;;;;;;;;;;;;;;;;;;;;;;;;;;;;;;;;;;;;;;;
webis-ambient-028;exer;fahrenheit 451 written by ray bradbury;ConQ;1;fahrenheit 451;https://en.wikipedia.org/wiki/Fahrenheit_451;2;ray bradbury;https://en.wikipedia.org/wiki/Ray_Bradbury;2;;;;;;;;;;;;;;;;;;;;;;;;;;;;;;;;;;;;;;;;;;;;;;;;;;;;;;;;;
webis-ambient-028;imer;fahrenheit 451 written by ray bradbury;ConQ;1;;;;;;;;;;;;;;;;;;;;;;;;;;;;;;;;;;;;;;;;;;;;;;;;;;;;;;;;;;;;;;;
webis-ambient-029;exer;globe arizona in united states;ConQ;1;globe;https://en.wikipedia.org/wiki/Globe,_Arizona;2;united states;https://en.wikipedia.org/wiki/United_States;2;arizona;https://en.wikipedia.org/wiki/Arizona;2;;;;;;;;;;;;;;;;;;;;;;;;;;;;;;;;;;;;;;;;;;;;;;;;;;;;;;
webis-ambient-029;imer;globe arizona in united states;ConQ;1;;;;;;;;;;;;;;;;;;;;;;;;;;;;;;;;;;;;;;;;;;;;;;;;;;;;;;;;;;;;;;;
webis-ambient-030;exer;the boston globe created by charles h taylor;ConQ;1;the boston globe;https://en.wikipedia.org/wiki/The_Boston_Globe;2;charles h taylor;https://en.wikipedia.org/wiki/Charles_H._Taylor_(publisher);2;;;;;;;;;;;;;;;;;;;;;;;;;;;;;;;;;;;;;;;;;;;;;;;;;;;;;;;;;
webis-ambient-030;imer;the boston globe created by charles h taylor;ConQ;1;;;;;;;;;;;;;;;;;;;;;;;;;;;;;;;;;;;;;;;;;;;;;;;;;;;;;;;;;;;;;;;
webis-ambient-031;exer;fa-18 hornet;LQ;1;fa-18 hornet;https://en.wikipedia.org/wiki/McDonnell_Douglas_F/A-18_Hornet;2;;;;;;;;;;;;;;;;;;;;;;;;;;;;;;;;;;;;;;;;;;;;;;;;;;;;;;;;;;;;
webis-ambient-031;imer;fa-18 hornet;LQ;1;;;;;;;;;;;;;;;;;;;;;;;;;;;;;;;;;;;;;;;;;;;;;;;;;;;;;;;;;;;;;;;
webis-ambient-032;exer;hornet township minnesota;LQ;1;hornet township minnesota;https://en.wikipedia.org/wiki/Hornet_Township,_Beltrami_County,_Minnesota;2;;;;;;;;;;;;;;;;;;;;;;;;;;;;;;;;;;;;;;;;;;;;;;;;;;;;;;;;;;;;
webis-ambient-032;imer;hornet township minnesota;LQ;1;;;;;;;;;;;;;;;;;;;;;;;;;;;;;;;;;;;;;;;;;;;;;;;;;;;;;;;;;;;;;;;
webis-ambient-033;exer;new orleans hornets nba;ConQ;1;new orleans hornets;https://en.wikipedia.org/wiki/New_Orleans_Pelicans;2;nba;https://en.wikipedia.org/wiki/National_Basketball_Association;2;new orleans;https://en.wikipedia.org/wiki/New_Orleans;1;;;;;;;;;;;;;;;;;;;;;;;;;;;;;;;;;;;;;;;;;;;;;;;;;;;;;;
webis-ambient-033;imer;new orleans hornets nba;ConQ;1;;;;;;;;;;;;;;;;;;;;;;;;;;;;;;;;;;;;;;;;;;;;;;;;;;;;;;;;;;;;;;;
webis-ambient-034;exer;indigo written by alice hoffman;ConQ;1;indigo;https://en.wikipedia.org/wiki/Indigo_(Hoffman_novel);2;alice hoffman;https://en.wikipedia.org/wiki/Alice_Hoffman;2;;;;;;;;;;;;;;;;;;;;;;;;;;;;;;;;;;;;;;;;;;;;;;;;;;;;;;;;;
webis-ambient-034;imer;indigo written by alice hoffman;ConQ;1;;;;;;;;;;;;;;;;;;;;;;;;;;;;;;;;;;;;;;;;;;;;;;;;;;;;;;;;;;;;;;;
webis-ambient-035;exer;indigo written by marina warner;ConQ;1;indigo;https://en.wikipedia.org/wiki/Indigo_(Warner_novel);2;marina warner;https://en.wikipedia.org/wiki/Marina_Warner;2;;;;;;;;;;;;;;;;;;;;;;;;;;;;;;;;;;;;;;;;;;;;;;;;;;;;;;;;;
webis-ambient-035;imer;indigo written by marina warner;ConQ;1;;;;;;;;;;;;;;;;;;;;;;;;;;;;;;;;;;;;;;;;;;;;;;;;;;;;;;;;;;;;;;;
webis-ambient-036;exer;indigo airlines from india;ConQ;1;indigo;https://en.wikipedia.org/wiki/IndiGo;2;india;https://en.wikipedia.org/wiki/India;2;;;;;;;;;;;;;;;;;;;;;;;;;;;;;;;;;;;;;;;;;;;;;;;;;;;;;;;;;
webis-ambient-036;imer;indigo airlines from india;ConQ;1;;;;;;;;;;;;;;;;;;;;;;;;;;;;;;;;;;;;;;;;;;;;;;;;;;;;;;;;;;;;;;;
webis-ambient-037;exer;battle of iwo jima;ConQ, LQ;1;battle of iwo jima;https://en.wikipedia.org/wiki/Battle_of_Iwo_Jima;2;iwo jima;https://en.wikipedia.org/wiki/Iwo_Jima;2;;;;;;;;;;;;;;;;;;;;;;;;;;;;;;;;;;;;;;;;;;;;;;;;;;;;;;;;;
webis-ambient-037;imer;battle of iwo jima;ConQ, LQ;1;;;;;;;;;;;;;;;;;;;;;;;;;;;;;;;;;;;;;;;;;;;;;;;;;;;;;;;;;;;;;;;
webis-ambient-038;exer;letters from iwo jima directed by clint eastwood;ConQ;1;letters from iwo jima;https://en.wikipedia.org/wiki/Letters_from_Iwo_Jima;2;clint eastwood;https://en.wikipedia.org/wiki/Clint_Eastwood;2;;;;;;;;;;;;;;;;;;;;;;;;;;;;;;;;;;;;;;;;;;;;;;;;;;;;;;;;;
webis-ambient-038;imer;letters from iwo jima directed by clint eastwood;ConQ;1;;;;;;;;;;;;;;;;;;;;;;;;;;;;;;;;;;;;;;;;;;;;;;;;;;;;;;;;;;;;;;;
webis-ambient-039;exer;sands of iwo jima;ConQ, LQ;1;sands of iwo jima;https://en.wikipedia.org/wiki/Sands_of_Iwo_Jima;2;iwo jima;https://en.wikipedia.org/wiki/Iwo_Jima;2;;;;;;;;;;;;;;;;;;;;;;;;;;;;;;;;;;;;;;;;;;;;;;;;;;;;;;;;;
webis-ambient-039;imer;sands of iwo jima;ConQ, LQ;1;;;;;;;;;;;;;;;;;;;;;;;;;;;;;;;;;;;;;;;;;;;;;;;;;;;;;;;;;;;;;;;
webis-ambient-040;exer;atari jaguar video game console;ConQ;1;atari jaguar;https://en.wikipedia.org/wiki/Atari_Jaguar;2;atari;https://en.wikipedia.org/wiki/Atari;2;;;;;;;;;;;;;;;;;;;;;;;;;;;;;;;;;;;;;;;;;;;;;;;;;;;;;;;;;
webis-ambient-040;imer;atari jaguar video game console;ConQ;1;;;;;;;;;;;;;;;;;;;;;;;;;;;;;;;;;;;;;;;;;;;;;;;;;;;;;;;;;;;;;;;
webis-ambient-041;exer;fender jaguar string change;ConQ;1;fender jaguar;https://en.wikipedia.org/wiki/Fender_Jaguar;2;fender;https://en.wikipedia.org/wiki/Fender_Musical_Instruments_Corporation;2;;;;;;;;;;;;;;;;;;;;;;;;;;;;;;;;;;;;;;;;;;;;;;;;;;;;;;;;;
webis-ambient-041;imer;fender jaguar string change;ConQ;1;;;;;;;;;;;;;;;;;;;;;;;;;;;;;;;;;;;;;;;;;;;;;;;;;;;;;;;;;;;;;;;
webis-ambient-042;exer;claas jaguar forage harvester;ConQ;1;claas jaguar;https://en.wikipedia.org/wiki/Claas_Jaguar;2;claas;https://en.wikipedia.org/wiki/Claas;2;;;;;;;;;;;;;;;;;;;;;;;;;;;;;;;;;;;;;;;;;;;;;;;;;;;;;;;;;
webis-ambient-042;imer;claas jaguar forage harvester;ConQ;1;;;;;;;;;;;;;;;;;;;;;;;;;;;;;;;;;;;;;;;;;;;;;;;;;;;;;;;;;;;;;;;
webis-ambient-043;exer;jacksonville jaguars nfl team florida;ConQ;1;jacksonville jaguars;https://en.wikipedia.org/wiki/Jacksonville_Jaguars;2;nfl;https://en.wikipedia.org/wiki/National_Football_League;2;florida;https://en.wikipedia.org/wiki/Florida;2;;;;;;;;;;;;;;;;;;;;;;;;;;;;;;;;;;;;;;;;;;;;;;;;;;;;;;
webis-ambient-043;imer;jacksonville jaguars nfl team florida;ConQ;1;;;;;;;;;;;;;;;;;;;;;;;;;;;;;;;;;;;;;;;;;;;;;;;;;;;;;;;;;;;;;;;
webis-ambient-044;exer;la plata in argentina;ConQ;1;la plata;https://en.wikipedia.org/wiki/La_Plata;2;argentina;https://en.wikipedia.org/wiki/Argentina;2;;;;;;;;;;;;;;;;;;;;;;;;;;;;;;;;;;;;;;;;;;;;;;;;;;;;;;;;;
webis-ambient-044;imer;la plata in argentina;ConQ;1;;;;;;;;;;;;;;;;;;;;;;;;;;;;;;;;;;;;;;;;;;;;;;;;;;;;;;;;;;;;;;;
webis-ambient-045;exer;la plata maryland;LQ;1;la plata maryland;https://en.wikipedia.org/wiki/La_Plata,_Maryland;2;;;;;;;;;;;;;;;;;;;;;;;;;;;;;;;;;;;;;;;;;;;;;;;;;;;;;;;;;;;;
webis-ambient-045;imer;la plata maryland;LQ;1;;;;;;;;;;;;;;;;;;;;;;;;;;;;;;;;;;;;;;;;;;;;;;;;;;;;;;;;;;;;;;;
webis-ambient-046;exer;la plata county colorado;LQ;1;la plata county colorado;https://en.wikipedia.org/wiki/La_Plata_County,_Colorado;2;;;;;;;;;;;;;;;;;;;;;;;;;;;;;;;;;;;;;;;;;;;;;;;;;;;;;;;;;;;;
webis-ambient-046;imer;la plata county colorado;LQ;1;;;;;;;;;;;;;;;;;;;;;;;;;;;;;;;;;;;;;;;;;;;;;;;;;;;;;;;;;;;;;;;
webis-ambient-047;exer;la plata river in colorado;ConQ, LQ;1;la plata river;https://en.wikipedia.org/wiki/La_Plata_River_(San_Juan_River_tributary);2;colorado;https://en.wikipedia.org/wiki/Colorado;2;;;;;;;;;;;;;;;;;;;;;;;;;;;;;;;;;;;;;;;;;;;;;;;;;;;;;;;;;
webis-ambient-047;imer;la plata river in colorado;ConQ, LQ;1;;;;;;;;;;;;;;;;;;;;;;;;;;;;;;;;;;;;;;;;;;;;;;;;;;;;;;;;;;;;;;;
webis-ambient-048;exer;rio de la plata puerto rico;LQ;1;rio de la plata puerto rico;https://en.wikipedia.org/wiki/Rio_de_la_Plata_(Puerto_Rico);2;;;;;;;;;;;;;;;;;;;;;;;;;;;;;;;;;;;;;;;;;;;;;;;;;;;;;;;;;;;;
webis-ambient-048;imer;rio de la plata puerto rico;LQ;1;;;;;;;;;;;;;;;;;;;;;;;;;;;;;;;;;;;;;;;;;;;;;;;;;;;;;;;;;;;;;;;
webis-ambient-049;exer;battle of la plata in cuba;ConQ;1;battle of la plata;https://en.wikipedia.org/wiki/Battle_of_La_Plata;2;cuba;https://en.wikipedia.org/wiki/Cuba;2;la plata;https://en.wikipedia.org/wiki/La_Plata;1;;;;;;;;;;;;;;;;;;;;;;;;;;;;;;;;;;;;;;;;;;;;;;;;;;;;;;
webis-ambient-049;imer;battle of la plata in cuba;ConQ;1;;;;;;;;;;;;;;;;;;;;;;;;;;;;;;;;;;;;;;;;;;;;;;;;;;;;;;;;;;;;;;;
webis-ambient-050;exer;labyrinth directed by jim henson;ConQ;1;labyrinth;https://en.wikipedia.org/wiki/Labyrinth_(film);2;jim henson;https://en.wikipedia.org/wiki/Jim_Henson;2;;;;;;;;;;;;;;;;;;;;;;;;;;;;;;;;;;;;;;;;;;;;;;;;;;;;;;;;;
webis-ambient-050;imer;labyrinth directed by jim henson;ConQ;1;;;;;;;;;;;;;;;;;;;;;;;;;;;;;;;;;;;;;;;;;;;;;;;;;;;;;;;;;;;;;;;
webis-ambient-051;exer;pans labyrinth by guillermo del toro;ConQ;1;pans labyrinth;https://en.wikipedia.org/wiki/Pan%27s_Labyrinth;2;guillermo del toro;https://en.wikipedia.org/wiki/Guillermo_del_Toro;2;;;;;;;;;;;;;;;;;;;;;;;;;;;;;;;;;;;;;;;;;;;;;;;;;;;;;;;;;
webis-ambient-051;imer;pans labyrinth by guillermo del toro;ConQ;1;;;;;;;;;;;;;;;;;;;;;;;;;;;;;;;;;;;;;;;;;;;;;;;;;;;;;;;;;;;;;;;
webis-ambient-052;exer;labyrinth written by kate mosse;ConQ;1;labyrinth;https://en.wikipedia.org/wiki/Labyrinth_(novel);2;kate mosse;https://en.wikipedia.org/wiki/Kate_Mosse;2;;;;;;;;;;;;;;;;;;;;;;;;;;;;;;;;;;;;;;;;;;;;;;;;;;;;;;;;;
webis-ambient-052;imer;labyrinth written by kate mosse;ConQ;1;;;;;;;;;;;;;;;;;;;;;;;;;;;;;;;;;;;;;;;;;;;;;;;;;;;;;;;;;;;;;;;
webis-ambient-053;exer;labyrinth released by juno reactor;ConQ;1;labyrinth;https://en.wikipedia.org/wiki/Labyrinth_(Juno_Reactor_album);2;juno reactor;https://en.wikipedia.org/wiki/Juno_Reactor;2;;;;;;;;;;;;;;;;;;;;;;;;;;;;;;;;;;;;;;;;;;;;;;;;;;;;;;;;;
webis-ambient-053;imer;labyrinth released by juno reactor;ConQ;1;;;;;;;;;;;;;;;;;;;;;;;;;;;;;;;;;;;;;;;;;;;;;;;;;;;;;;;;;;;;;;;
webis-ambient-054;exer;landau an der isar in bavaria;ConQ;1;landau an der isar;https://en.wikipedia.org/wiki/Landau_an_der_Isar;2;bavaria;https://en.wikipedia.org/wiki/Bavaria;2;;;;;;;;;;;;;;;;;;;;;;;;;;;;;;;;;;;;;;;;;;;;;;;;;;;;;;;;;
webis-ambient-054;imer;landau an der isar in bavaria;ConQ;1;;;;;;;;;;;;;;;;;;;;;;;;;;;;;;;;;;;;;;;;;;;;;;;;;;;;;;;;;;;;;;;
webis-ambient-055;exer;david landau israeli journalist;ConQ;1;david landau;https://en.wikipedia.org/wiki/David_Landau_(journalist);2;israeli;https://en.wikipedia.org/wiki/Israel;2;;;;;;;;;;;;;;;;;;;;;;;;;;;;;;;;;;;;;;;;;;;;;;;;;;;;;;;;;
webis-ambient-055;imer;david landau israeli journalist;ConQ;1;;;;;;;;;;;;;;;;;;;;;;;;;;;;;;;;;;;;;;;;;;;;;;;;;;;;;;;;;;;;;;;
webis-ambient-056;exer;life on mars by david bowie;ConQ;1;life on mars;https://en.wikipedia.org/wiki/Life_on_Mars_(song);2;david bowie;https://en.wikipedia.org/wiki/David_Bowie;2;;;;;;;;;;;;;;;;;;;;;;;;;;;;;;;;;;;;;;;;;;;;;;;;;;;;;;;;;
webis-ambient-056;imer;life on mars by david bowie;ConQ;1;;;;;;;;;;;;;;;;;;;;;;;;;;;;;;;;;;;;;;;;;;;;;;;;;;;;;;;;;;;;;;;
webis-ambient-057;exer;the magic mountain written by thomas mann;ConQ;1;the magic mountain;https://en.wikipedia.org/wiki/The_Magic_Mountain;2;thomas mann;https://en.wikipedia.org/wiki/Thomas_Mann;2;;;;;;;;;;;;;;;;;;;;;;;;;;;;;;;;;;;;;;;;;;;;;;;;;;;;;;;;;
webis-ambient-057;imer;the magic mountain written by thomas mann;ConQ;1;;;;;;;;;;;;;;;;;;;;;;;;;;;;;;;;;;;;;;;;;;;;;;;;;;;;;;;;;;;;;;;
webis-ambient-058;exer;six flags magic mountain;LQ;1;six flags magic mountain;https://en.wikipedia.org/wiki/Six_Flags_Magic_Mountain;2;;;;;;;;;;;;;;;;;;;;;;;;;;;;;;;;;;;;;;;;;;;;;;;;;;;;;;;;;;;;
webis-ambient-058;imer;six flags magic mountain;LQ;1;;;;;;;;;;;;;;;;;;;;;;;;;;;;;;;;;;;;;;;;;;;;;;;;;;;;;;;;;;;;;;;
webis-ambient-059;exer;magic mountain in new brunswick;ConQ;1;magic mountain;https://en.wikipedia.org/wiki/Magic_Mountain_(New_Brunswick);2;new brunswick;https://en.wikipedia.org/wiki/New_Brunswick;2;;;;;;;;;;;;;;;;;;;;;;;;;;;;;;;;;;;;;;;;;;;;;;;;;;;;;;;;;
webis-ambient-059;imer;magic mountain in new brunswick;ConQ;1;;;;;;;;;;;;;;;;;;;;;;;;;;;;;;;;;;;;;;;;;;;;;;;;;;;;;;;;;;;;;;;
webis-ambient-060;exer;magic mountain resort idaho;ConQ;1;magic mountain resort;https://en.wikipedia.org/wiki/Magic_Mountain_Resort;2;idaho;https://en.wikipedia.org/wiki/Idaho;2;;;;;;;;;;;;;;;;;;;;;;;;;;;;;;;;;;;;;;;;;;;;;;;;;;;;;;;;;
webis-ambient-060;imer;magic mountain resort idaho;ConQ;1;;;;;;;;;;;;;;;;;;;;;;;;;;;;;;;;;;;;;;;;;;;;;;;;;;;;;;;;;;;;;;;
webis-ambient-061;exer;magic mountain ski area vermont;ConQ;1;magic mountain ski area;https://en.wikipedia.org/wiki/Magic_Mountain_Ski_Area;2;vermont;https://en.wikipedia.org/wiki/Vermont;2;;;;;;;;;;;;;;;;;;;;;;;;;;;;;;;;;;;;;;;;;;;;;;;;;;;;;;;;;
webis-ambient-061;imer;magic mountain ski area vermont;ConQ;1;;;;;;;;;;;;;;;;;;;;;;;;;;;;;;;;;;;;;;;;;;;;;;;;;;;;;;;;;;;;;;;
webis-ambient-062;exer;the matador starring pierce brosnan;ConQ;1;the matador;https://en.wikipedia.org/wiki/The_Matador;2;pierce brosnan;https://en.wikipedia.org/wiki/Pierce_Brosnan;2;;;;;;;;;;;;;;;;;;;;;;;;;;;;;;;;;;;;;;;;;;;;;;;;;;;;;;;;;
webis-ambient-062;imer;the matador starring pierce brosnan;ConQ;1;;;;;;;;;;;;;;;;;;;;;;;;;;;;;;;;;;;;;;;;;;;;;;;;;;;;;;;;;;;;;;;
webis-ambient-063;exer;matador directed by pedro almodovar;ConQ;1;matador;https://en.wikipedia.org/wiki/Matador_(film);2;pedro almodovar;https://en.wikipedia.org/wiki/Pedro_Almod%C3%B3var;2;;;;;;;;;;;;;;;;;;;;;;;;;;;;;;;;;;;;;;;;;;;;;;;;;;;;;;;;;
webis-ambient-063;imer;matador directed by pedro almodovar;ConQ;1;;;;;;;;;;;;;;;;;;;;;;;;;;;;;;;;;;;;;;;;;;;;;;;;;;;;;;;;;;;;;;;
webis-ambient-064;exer;matador by los fabulosos cadillacs;ConQ;1;matador;https://en.wikipedia.org/wiki/Matador_(Los_Fabulosos_Cadillacs_song);2;los fabulosos cadillacs;https://en.wikipedia.org/wiki/Los_Fabulosos_Cadillacs;2;;;;;;;;;;;;;;;;;;;;;;;;;;;;;;;;;;;;;;;;;;;;;;;;;;;;;;;;;
webis-ambient-064;imer;matador by los fabulosos cadillacs;ConQ;1;;;;;;;;;;;;;;;;;;;;;;;;;;;;;;;;;;;;;;;;;;;;;;;;;;;;;;;;;;;;;;;
webis-ambient-065;exer;metamorphosis ii;LQ;1;metamorphosis ii;https://en.wikipedia.org/wiki/Metamorphosis_II;2;;;;;;;;;;;;;;;;;;;;;;;;;;;;;;;;;;;;;;;;;;;;;;;;;;;;;;;;;;;;
webis-ambient-065;imer;metamorphosis ii;LQ;1;;;;;;;;;;;;;;;;;;;;;;;;;;;;;;;;;;;;;;;;;;;;;;;;;;;;;;;;;;;;;;;
webis-ambient-066;exer;metamorphosis iii;LQ;1;metamorphosis iii;https://en.wikipedia.org/wiki/Metamorphosis_III;2;;;;;;;;;;;;;;;;;;;;;;;;;;;;;;;;;;;;;;;;;;;;;;;;;;;;;;;;;;;;
webis-ambient-066;imer;metamorphosis iii;LQ;1;;;;;;;;;;;;;;;;;;;;;;;;;;;;;;;;;;;;;;;;;;;;;;;;;;;;;;;;;;;;;;;
webis-ambient-067;exer;metamorphosis by rolling stones;ConQ;1;metamorphosis;https://en.wikipedia.org/wiki/Metamorphosis_(The_Rolling_Stones_album);2;rolling stones;https://en.wikipedia.org/wiki/The_Rolling_Stones;2;;;;;;;;;;;;;;;;;;;;;;;;;;;;;;;;;;;;;;;;;;;;;;;;;;;;;;;;;
webis-ambient-067;imer;metamorphosis by rolling stones;ConQ;1;;;;;;;;;;;;;;;;;;;;;;;;;;;;;;;;;;;;;;;;;;;;;;;;;;;;;;;;;;;;;;;
webis-ambient-068;exer;metamorphosis by papa roach;ConQ;1;metamorphosis;https://en.wikipedia.org/wiki/Metamorphosis_(Papa_Roach_album);2;papa roach;https://en.wikipedia.org/wiki/Papa_Roach;2;;;;;;;;;;;;;;;;;;;;;;;;;;;;;;;;;;;;;;;;;;;;;;;;;;;;;;;;;
webis-ambient-068;imer;metamorphosis by papa roach;ConQ;1;;;;;;;;;;;;;;;;;;;;;;;;;;;;;;;;;;;;;;;;;;;;;;;;;;;;;;;;;;;;;;;
webis-ambient-069;exer;the metamorphosis by franz kafka;ConQ;1;the metamorphosis;https://en.wikipedia.org/wiki/The_Metamorphosis;2;franz kafka;https://en.wikipedia.org/wiki/Franz_Kafka;2;;;;;;;;;;;;;;;;;;;;;;;;;;;;;;;;;;;;;;;;;;;;;;;;;;;;;;;;;
webis-ambient-069;imer;the metamorphosis by franz kafka;ConQ;1;;;;;;;;;;;;;;;;;;;;;;;;;;;;;;;;;;;;;;;;;;;;;;;;;;;;;;;;;;;;;;;
webis-ambient-070;exer;minotaur directed by jonathan english 2006;ConQ;1;minotaur;https://en.wikipedia.org/wiki/Minotaur_(film);2;jonathan english;https://en.wikipedia.org/wiki/Jonathan_English;2;;;;;;;;;;;;;;;;;;;;;;;;;;;;;;;;;;;;;;;;;;;;;;;;;;;;;;;;;
webis-ambient-070;imer;minotaur directed by jonathan english 2006;ConQ;1;;;;;;;;;;;;;;;;;;;;;;;;;;;;;;;;;;;;;;;;;;;;;;;;;;;;;;;;;;;;;;;
webis-ambient-071;exer;minotaur the labyrinths of crete;LQ;1;minotaur the labyrinths of crete;https://en.wikipedia.org/wiki/Minotaur:_The_Labyrinths_of_Crete;2;;;;;;;;;;;;;;;;;;;;;;;;;;;;;;;;;;;;;;;;;;;;;;;;;;;;;;;;;;;;
webis-ambient-071;imer;minotaur the labyrinths of crete;LQ;1;;;;;;;;;;;;;;;;;;;;;;;;;;;;;;;;;;;;;;;;;;;;;;;;;;;;;;;;;;;;;;;
webis-ambient-072;exer;minotaur launch to space;ConQ;1;minotaur;https://en.wikipedia.org/wiki/Minotaur_(rocket_family);2;;;;;;;;;;;;;;;;;;;;;;;;;;;;;;;;;;;;;;;;;;;;;;;;;;;;;;;;;;;;
webis-ambient-072;imer;minotaur launch to space;ConQ;1;;;;;;;;;;;;;;;;;;;;;;;;;;;;;;;;;;;;;;;;;;;;;;;;;;;;;;;;;;;;;;;
webis-ambient-073;exer;mira italy near venice;ConQ;1;mira;https://en.wikipedia.org/wiki/Mira,_Veneto;2;italy;https://en.wikipedia.org/wiki/Italy;2;venice;https://en.wikipedia.org/wiki/Venice;2;;;;;;;;;;;;;;;;;;;;;;;;;;;;;;;;;;;;;;;;;;;;;;;;;;;;;;
webis-ambient-073;imer;mira italy near venice;ConQ;1;;;;;;;;;;;;;;;;;;;;;;;;;;;;;;;;;;;;;;;;;;;;;;;;;;;;;;;;;;;;;;;
webis-ambient-074;exer;the mirage las vegas strip terry fator;ConQ;2;the mirage;https://en.wikipedia.org/wiki/The_Mirage;2;las vegas strip;https://en.wikipedia.org/wiki/Las_Vegas_Strip;2;terry fator;https://en.wikipedia.org/wiki/Terry_Fator;2;;;;;;;;;;;;;;;;;;;;;;;;;;;;;;;;;;;;;;;;;;;;;;;;;;;;;;
webis-ambient-074;imer;the mirage las vegas strip terry fator;ConQ;2;;;;;;;;;;;;;;;;;;;;;;;;;;;;;;;;;;;;;;;;;;;;;;;;;;;;;;;;;;;;;;;
webis-ambient-075;exer;el mirage arizona;LQ;1;el mirage arizona;https://en.wikipedia.org/wiki/El_Mirage,_Arizona;2;;;;;;;;;;;;;;;;;;;;;;;;;;;;;;;;;;;;;;;;;;;;;;;;;;;;;;;;;;;;
webis-ambient-075;imer;el mirage arizona;LQ;1;;;;;;;;;;;;;;;;;;;;;;;;;;;;;;;;;;;;;;;;;;;;;;;;;;;;;;;;;;;;;;;
webis-ambient-076;exer;mirage by fleetwood mac;ConQ;1;mirage;https://en.wikipedia.org/wiki/Mirage_(Fleetwood_Mac_album);2;fleetwood mac;https://en.wikipedia.org/wiki/Fleetwood_Mac;2;;;;;;;;;;;;;;;;;;;;;;;;;;;;;;;;;;;;;;;;;;;;;;;;;;;;;;;;;
webis-ambient-076;imer;mirage by fleetwood mac;ConQ;1;;;;;;;;;;;;;;;;;;;;;;;;;;;;;;;;;;;;;;;;;;;;;;;;;;;;;;;;;;;;;;;
webis-ambient-077;exer;mirage by meat puppets;ConQ;1;mirage;https://en.wikipedia.org/wiki/Mirage_(Meat_Puppets_album);2;meat puppets;https://en.wikipedia.org/wiki/Meat_Puppets;2;;;;;;;;;;;;;;;;;;;;;;;;;;;;;;;;;;;;;;;;;;;;;;;;;;;;;;;;;
webis-ambient-077;imer;mirage by meat puppets;ConQ;1;;;;;;;;;;;;;;;;;;;;;;;;;;;;;;;;;;;;;;;;;;;;;;;;;;;;;;;;;;;;;;;
webis-ambient-078;exer;mirage studios comic book company;ConQ;1;mirage studios;https://en.wikipedia.org/wiki/Mirage_Studios;2;;;;;;;;;;;;;;;;;;;;;;;;;;;;;;;;;;;;;;;;;;;;;;;;;;;;;;;;;;;;
webis-ambient-078;imer;mirage studios comic book company;ConQ;1;;;;;;;;;;;;;;;;;;;;;;;;;;;;;;;;;;;;;;;;;;;;;;;;;;;;;;;;;;;;;;;
webis-ambient-079;exer;chevrolet monte carlo two-door coupe;ConQ;1;chevrolet monte carlo;https://en.wikipedia.org/wiki/Chevrolet_Monte_Carlo;2;;;;;;;;;;;;;;;;;;;;;;;;;;;;;;;;;;;;;;;;;;;;;;;;;;;;;;;;;;;;
webis-ambient-079;imer;chevrolet monte carlo two-door coupe;ConQ;1;;;;;;;;;;;;;;;;;;;;;;;;;;;;;;;;;;;;;;;;;;;;;;;;;;;;;;;;;;;;;;;
webis-ambient-080;exer;monte carlo monaco;LQ;1;monte carlo monaco;https://en.wikipedia.org/wiki/Monte_Carlo;2;monaco;https://en.wikipedia.org/wiki/Monaco;2;;;;;;;;;;;;;;;;;;;;;;;;;;;;;;;;;;;;;;;;;;;;;;;;;;;;;;;;;
webis-ambient-080;imer;monte carlo monaco;LQ;1;;;;;;;;;;;;;;;;;;;;;;;;;;;;;;;;;;;;;;;;;;;;;;;;;;;;;;;;;;;;;;;
webis-ambient-081;exer;monte carlo distributed by 20th century fox;ConQ;1;monte carlo;https://en.wikipedia.org/wiki/Monte_Carlo_(2011_film);2;20th century fox;https://en.wikipedia.org/wiki/20th_Century_Fox;2;;;;;;;;;;;;;;;;;;;;;;;;;;;;;;;;;;;;;;;;;;;;;;;;;;;;;;;;;
webis-ambient-081;imer;monte carlo distributed by 20th century fox;ConQ;1;;;;;;;;;;;;;;;;;;;;;;;;;;;;;;;;;;;;;;;;;;;;;;;;;;;;;;;;;;;;;;;
webis-ambient-082;exer;oppenheim town in germany;ConQ;1;oppenheim;https://en.wikipedia.org/wiki/Oppenheim;2;germany;https://en.wikipedia.org/wiki/Germany;2;;;;;;;;;;;;;;;;;;;;;;;;;;;;;;;;;;;;;;;;;;;;;;;;;;;;;;;;;
webis-ambient-082;imer;oppenheim town in germany;ConQ;1;;;;;;;;;;;;;;;;;;;;;;;;;;;;;;;;;;;;;;;;;;;;;;;;;;;;;;;;;;;;;;;
webis-ambient-083;exer;oppenheim town in new york;ConQ;1;oppenheim;https://en.wikipedia.org/wiki/Oppenheim,_New_York;2;new york;https://en.wikipedia.org/wiki/New_York_(state);2;;;;;;;;;;;;;;;;;;;;;;;;;;;;;;;;;;;;;;;;;;;;;;;;;;;;;;;;;
webis-ambient-083;imer;oppenheim town in new york;ConQ;1;;;;;;;;;;;;;;;;;;;;;;;;;;;;;;;;;;;;;;;;;;;;;;;;;;;;;;;;;;;;;;;
webis-ambient-084;exer;out of control released by peter criss;ConQ;1;out of control;https://en.wikipedia.org/wiki/Out_of_Control_(Peter_Criss_album);2;peter criss;https://en.wikipedia.org/wiki/Peter_Criss;2;;;;;;;;;;;;;;;;;;;;;;;;;;;;;;;;;;;;;;;;;;;;;;;;;;;;;;;;;
webis-ambient-084;imer;out of control released by peter criss;ConQ;1;;;;;;;;;;;;;;;;;;;;;;;;;;;;;;;;;;;;;;;;;;;;;;;;;;;;;;;;;;;;;;;
webis-ambient-085;exer;out of control produced by hoobastank;ConQ;1;out of control;https://en.wikipedia.org/wiki/Out_of_Control_(Hoobastank_song);2;hoobastank;https://en.wikipedia.org/wiki/Hoobastank;2;;;;;;;;;;;;;;;;;;;;;;;;;;;;;;;;;;;;;;;;;;;;;;;;;;;;;;;;;
webis-ambient-085;imer;out of control produced by hoobastank;ConQ;1;;;;;;;;;;;;;;;;;;;;;;;;;;;;;;;;;;;;;;;;;;;;;;;;;;;;;;;;;;;;;;;
webis-ambient-086;exer;pelican post-metal from chicago;ConQ;1;pelican;https://en.wikipedia.org/wiki/Pelican_(band);2;post-metal;https://en.wikipedia.org/wiki/Post-metal;2;chicago;https://en.wikipedia.org/wiki/Chicago;2;;;;;;;;;;;;;;;;;;;;;;;;;;;;;;;;;;;;;;;;;;;;;;;;;;;;;;
webis-ambient-086;imer;pelican post-metal from chicago;ConQ;1;;;;;;;;;;;;;;;;;;;;;;;;;;;;;;;;;;;;;;;;;;;;;;;;;;;;;;;;;;;;;;;
webis-ambient-087;exer;purple haze by the jimi hendrix experience;ConQ;1;purple haze;https://en.wikipedia.org/wiki/Purple_Haze;2;the jimi hendrix experience;https://en.wikipedia.org/wiki/The_Jimi_Hendrix_Experience;2;jimi hendrix;https://en.wikipedia.org/wiki/Jimi_Hendrix;2;;;;;;;;;;;;;;;;;;;;;;;;;;;;;;;;;;;;;;;;;;;;;;;;;;;;;;
webis-ambient-087;imer;purple haze by the jimi hendrix experience;ConQ;1;;;;;;;;;;;;;;;;;;;;;;;;;;;;;;;;;;;;;;;;;;;;;;;;;;;;;;;;;;;;;;;
webis-ambient-088;exer;purple haze by rapper camron;ConQ;1;purple haze;https://en.wikipedia.org/wiki/Purple_Haze_(album);2;camron;https://en.wikipedia.org/wiki/Cam%27ron;2;;;;;;;;;;;;;;;;;;;;;;;;;;;;;;;;;;;;;;;;;;;;;;;;;;;;;;;;;
webis-ambient-088;imer;purple haze by rapper camron;ConQ;1;;;;;;;;;;;;;;;;;;;;;;;;;;;;;;;;;;;;;;;;;;;;;;;;;;;;;;;;;;;;;;;
webis-ambient-089;exer;brewer of purple haze in abita springs;ConQ, SolEnQ;1;abita springs;https://en.wikipedia.org/wiki/Abita_Springs,_Louisiana;2;;;;;;;;;;;;;;;;;;;;;;;;;;;;;;;;;;;;;;;;;;;;;;;;;;;;;;;;;;;;
webis-ambient-089;imer;brewer of purple haze in abita springs;ConQ, SolEnQ;1;brewer of purple haze in abita springs;https://en.wikipedia.org/wiki/Abita_Brewing_Company;2;;;;;;;;;;;;;;;;;;;;;;;;;;;;;;;;;;;;;;;;;;;;;;;;;;;;;;;;;;;;
webis-ambient-090;exer;raam directed by ameer;ConQ;1;raam;https://en.wikipedia.org/wiki/Raam_(2005_film);2;ameer;https://en.wikipedia.org/wiki/Ameer_(director);2;;;;;;;;;;;;;;;;;;;;;;;;;;;;;;;;;;;;;;;;;;;;;;;;;;;;;;;;;
webis-ambient-090;imer;raam directed by ameer;ConQ;1;;;;;;;;;;;;;;;;;;;;;;;;;;;;;;;;;;;;;;;;;;;;;;;;;;;;;;;;;;;;;;;
webis-ambient-091;exer;rhea perlman us television;ConQ;1;rhea perlman;https://en.wikipedia.org/wiki/Rhea_Perlman;2;us;https://en.wikipedia.org/wiki/United_States;2;;;;;;;;;;;;;;;;;;;;;;;;;;;;;;;;;;;;;;;;;;;;;;;;;;;;;;;;;
webis-ambient-091;imer;rhea perlman us television;ConQ;1;;;;;;;;;;;;;;;;;;;;;;;;;;;;;;;;;;;;;;;;;;;;;;;;;;;;;;;;;;;;;;;
webis-ambient-092;exer;caroline rhea stand-up comedy program;ConQ;1;caroline rhea;https://en.wikipedia.org/wiki/Caroline_Rhea;2;;;;;;;;;;;;;;;;;;;;;;;;;;;;;;;;;;;;;;;;;;;;;;;;;;;;;;;;;;;;
webis-ambient-092;imer;caroline rhea stand-up comedy program;ConQ;1;;;;;;;;;;;;;;;;;;;;;;;;;;;;;;;;;;;;;;;;;;;;;;;;;;;;;;;;;;;;;;;
webis-ambient-093;exer;john rhea us congress;ConQ;2;john rhea;https://en.wikipedia.org/wiki/John_Rhea;2;us congress;https://en.wikipedia.org/wiki/United_States_Congress;2;john rhea;https://en.wikipedia.org/wiki/John_Stockdale_Rhea;2;;;;;;;;;;;;;;;;;;;;;;;;;;;;;;;;;;;;;;;;;;;;;;;;;;;;;;
webis-ambient-093;imer;john rhea us congress;ConQ;2;;;;;;;;;;;;;;;;;;;;;;;;;;;;;;;;;;;;;;;;;;;;;;;;;;;;;;;;;;;;;;;
webis-ambient-094;exer;the scorpion live at the cadillac club;ConQ;1;the scorpion;https://en.wikipedia.org/wiki/The_Scorpion_(album);2;;;;;;;;;;;;;;;;;;;;;;;;;;;;;;;;;;;;;;;;;;;;;;;;;;;;;;;;;;;;
webis-ambient-094;imer;the scorpion live at the cadillac club;ConQ;1;;;;;;;;;;;;;;;;;;;;;;;;;;;;;;;;;;;;;;;;;;;;;;;;;;;;;;;;;;;;;;;
webis-ambient-095;exer;the little mermaid written by hans christian andersen;ConQ;1;the little mermaid;https://en.wikipedia.org/wiki/The_Little_Mermaid;2;hans christian andersen;https://en.wikipedia.org/wiki/Hans_Christian_Andersen;2;;;;;;;;;;;;;;;;;;;;;;;;;;;;;;;;;;;;;;;;;;;;;;;;;;;;;;;;;
webis-ambient-095;imer;the little mermaid written by hans christian andersen;ConQ;1;;;;;;;;;;;;;;;;;;;;;;;;;;;;;;;;;;;;;;;;;;;;;;;;;;;;;;;;;;;;;;;
webis-ambient-096;exer;the little mermaid by disney;ConQ;2;the little mermaid;https://en.wikipedia.org/wiki/The_Little_Mermaid_(1989_film);2;disney;https://en.wikipedia.org/wiki/Walt_Disney_Animation_Studios;2;the little mermaid;https://en.wikipedia.org/wiki/The_Little_Mermaid_(franchise);1;;;;;;;;;;;;;;;;;;;;;;;;;;;;;;;;;;;;;;;;;;;;;;;;;;;;;;
webis-ambient-096;imer;the little mermaid by disney;ConQ;2;;;;;;;;;;;;;;;;;;;;;;;;;;;;;;;;;;;;;;;;;;;;;;;;;;;;;;;;;;;;;;;
webis-ambient-097;exer;urania greek mythology;ConQ;1;urania;https://en.wikipedia.org/wiki/Urania;2;greek;https://en.wikipedia.org/wiki/Greece;2;greek mythology;https://en.wikipedia.org/wiki/Greek_mythology;2;;;;;;;;;;;;;;;;;;;;;;;;;;;;;;;;;;;;;;;;;;;;;;;;;;;;;;
webis-ambient-097;imer;urania greek mythology;ConQ;1;;;;;;;;;;;;;;;;;;;;;;;;;;;;;;;;;;;;;;;;;;;;;;;;;;;;;;;;;;;;;;;
webis-ambient-098;exer;wink davenport american volleyball;ConQ;1;wink davenport;https://en.wikipedia.org/wiki/Wink_Davenport;2;american;https://en.wikipedia.org/wiki/United_States;2;;;;;;;;;;;;;;;;;;;;;;;;;;;;;;;;;;;;;;;;;;;;;;;;;;;;;;;;;
webis-ambient-098;imer;wink davenport american volleyball;ConQ;1;;;;;;;;;;;;;;;;;;;;;;;;;;;;;;;;;;;;;;;;;;;;;;;;;;;;;;;;;;;;;;;
webis-ambient-099;exer;wink martindale;LQ;2;wink martindale;https://en.wikipedia.org/wiki/Wink_Martindale;2;wink martindale;https://en.wikipedia.org/wiki/Don_Martindale;1;;;;;;;;;;;;;;;;;;;;;;;;;;;;;;;;;;;;;;;;;;;;;;;;;;;;;;;;;
webis-ambient-099;imer;wink martindale;LQ;2;;;;;;;;;;;;;;;;;;;;;;;;;;;;;;;;;;;;;;;;;;;;;;;;;;;;;;;;;;;;;;;
webis-ambient-100;exer;chris wink blue man group;ConQ;1;chris wink;https://en.wikipedia.org/wiki/Chris_Wink;2;blue man group;https://en.wikipedia.org/wiki/Blue_Man_Group;2;;;;;;;;;;;;;;;;;;;;;;;;;;;;;;;;;;;;;;;;;;;;;;;;;;;;;;;;;
webis-ambient-100;imer;chris wink blue man group;ConQ;1;;;;;;;;;;;;;;;;;;;;;;;;;;;;;;;;;;;;;;;;;;;;;;;;;;;;;;;;;;;;;;;
webis-ambient-101;exer;xanadu starring olivia newton-john;ConQ;1;xanadu;https://en.wikipedia.org/wiki/Xanadu_(film);2;olivia newton-john;https://en.wikipedia.org/wiki/Olivia_Newton-John;2;;;;;;;;;;;;;;;;;;;;;;;;;;;;;;;;;;;;;;;;;;;;;;;;;;;;;;;;;
webis-ambient-101;imer;xanadu starring olivia newton-john;ConQ;1;;;;;;;;;;;;;;;;;;;;;;;;;;;;;;;;;;;;;;;;;;;;;;;;;;;;;;;;;;;;;;;
webis-ambient-102;exer;xanadu starring kerry butler broadway;ConQ;1;xanadu;https://en.wikipedia.org/wiki/Xanadu_(musical);2;kerry butler;https://en.wikipedia.org/wiki/Kerry_Butler;2;broadway;https://en.wikipedia.org/wiki/Broadway_theatre;2;broadway;https://en.wikipedia.org/wiki/Broadway_(Manhattan);1;;;;;;;;;;;;;;;;;;;;;;;;;;;;;;;;;;;;;;;;;;;;;;;;;;;
webis-ambient-102;imer;xanadu starring kerry butler broadway;ConQ;1;;;;;;;;;;;;;;;;;;;;;;;;;;;;;;;;;;;;;;;;;;;;;;;;;;;;;;;;;;;;;;;
webis-ambient-103;exer;xanadu recorded by rush;ConQ;1;xanadu;https://en.wikipedia.org/wiki/Xanadu_(Rush_song);2;rush;https://en.wikipedia.org/wiki/Rush_(band);2;;;;;;;;;;;;;;;;;;;;;;;;;;;;;;;;;;;;;;;;;;;;;;;;;;;;;;;;;
webis-ambient-103;imer;xanadu recorded by rush;ConQ;1;;;;;;;;;;;;;;;;;;;;;;;;;;;;;;;;;;;;;;;;;;;;;;;;;;;;;;;;;;;;;;;
webis-ambient-104;exer;xanadu records jazz music;ConQ;1;xanadu records;https://en.wikipedia.org/wiki/Xanadu_Records;2;jazz;https://en.wikipedia.org/wiki/Jazz;2;;;;;;;;;;;;;;;;;;;;;;;;;;;;;;;;;;;;;;;;;;;;;;;;;;;;;;;;;
webis-ambient-104;imer;xanadu records jazz music;ConQ;1;;;;;;;;;;;;;;;;;;;;;;;;;;;;;;;;;;;;;;;;;;;;;;;;;;;;;;;;;;;;;;;
webis-ambient-105;exer;lets play of xanadu;ConQ;1;xanadu;https://en.wikipedia.org/wiki/Xanadu_(video_game);2;lets play;https://en.wikipedia.org/wiki/Let%27s_Play;2;;;;;;;;;;;;;;;;;;;;;;;;;;;;;;;;;;;;;;;;;;;;;;;;;;;;;;;;;
webis-ambient-105;imer;lets play of xanadu;ConQ;1;;;;;;;;;;;;;;;;;;;;;;;;;;;;;;;;;;;;;;;;;;;;;;;;;;;;;;;;;;;;;;;
webis-ambient-106;exer;beagle 2 mars express;ConQ;1;beagle 2;https://en.wikipedia.org/wiki/Beagle_2;2;mars express;https://en.wikipedia.org/wiki/Mars_Express;2;;;;;;;;;;;;;;;;;;;;;;;;;;;;;;;;;;;;;;;;;;;;;;;;;;;;;;;;;
webis-ambient-106;imer;beagle 2 mars express;ConQ;1;;;;;;;;;;;;;;;;;;;;;;;;;;;;;;;;;;;;;;;;;;;;;;;;;;;;;;;;;;;;;;;
webis-ambient-107;exer;beagle aircraft great britian;ConQ;1;beagle aircraft;https://en.wikipedia.org/wiki/Beagle_Aircraft;2;great britian;https://en.wikipedia.org/wiki/Great_Britain;2;;;;;;;;;;;;;;;;;;;;;;;;;;;;;;;;;;;;;;;;;;;;;;;;;;;;;;;;;
webis-ambient-107;imer;beagle aircraft great britian;ConQ;1;;;;;;;;;;;;;;;;;;;;;;;;;;;;;;;;;;;;;;;;;;;;;;;;;;;;;;;;;;;;;;;
webis-ambient-108;exer;eos in greek mythology;ConQ;1;eos;https://en.wikipedia.org/wiki/Eos;2;greek;https://en.wikipedia.org/wiki/Greece;2;greek mythology;https://en.wikipedia.org/wiki/Greek_mythology;2;;;;;;;;;;;;;;;;;;;;;;;;;;;;;;;;;;;;;;;;;;;;;;;;;;;;;;
webis-ambient-108;imer;eos in greek mythology;ConQ;1;;;;;;;;;;;;;;;;;;;;;;;;;;;;;;;;;;;;;;;;;;;;;;;;;;;;;;;;;;;;;;;
webis-ambient-109;exer;european optical society;LQ;1;european optical society;https://en.wikipedia.org/wiki/European_Optical_Society;2;;;;;;;;;;;;;;;;;;;;;;;;;;;;;;;;;;;;;;;;;;;;;;;;;;;;;;;;;;;;
webis-ambient-109;imer;european optical society;LQ;1;;;;;;;;;;;;;;;;;;;;;;;;;;;;;;;;;;;;;;;;;;;;;;;;;;;;;;;;;;;;;;;
webis-ambient-110;exer;eos american geophysical union;ConQ;1;eos;https://en.wikipedia.org/wiki/Eos_(magazine);2;american geophysical union;https://en.wikipedia.org/wiki/American_Geophysical_Union;2;;;;;;;;;;;;;;;;;;;;;;;;;;;;;;;;;;;;;;;;;;;;;;;;;;;;;;;;;
webis-ambient-110;imer;eos american geophysical union;ConQ;1;;;;;;;;;;;;;;;;;;;;;;;;;;;;;;;;;;;;;;;;;;;;;;;;;;;;;;;;;;;;;;;
webis-ambient-111;exer;eos made by canon;ConQ;1;eos;https://en.wikipedia.org/wiki/Canon_EOS;2;canon;https://en.wikipedia.org/wiki/Canon_Inc.;2;;;;;;;;;;;;;;;;;;;;;;;;;;;;;;;;;;;;;;;;;;;;;;;;;;;;;;;;;
webis-ambient-111;imer;eos made by canon;ConQ;1;;;;;;;;;;;;;;;;;;;;;;;;;;;;;;;;;;;;;;;;;;;;;;;;;;;;;;;;;;;;;;;
webis-ambient-112;exer;earth observing system nasa;ConQ;1;earth observing system;https://en.wikipedia.org/wiki/Earth_Observing_System;2;nasa;https://en.wikipedia.org/wiki/NASA;2;;;;;;;;;;;;;;;;;;;;;;;;;;;;;;;;;;;;;;;;;;;;;;;;;;;;;;;;;
webis-ambient-112;imer;earth observing system nasa;ConQ;1;;;;;;;;;;;;;;;;;;;;;;;;;;;;;;;;;;;;;;;;;;;;;;;;;;;;;;;;;;;;;;;
webis-ambient-113;exer;the globe recorded by big audio dynamite ii;ConQ;2;the globe;https://en.wikipedia.org/wiki/The_Globe_(album);2;the globe;https://en.wikipedia.org/wiki/The_Globe_(song);2;big audio dynamite ii;https://en.wikipedia.org/wiki/Big_Audio_Dynamite;2;;;;;;;;;;;;;;;;;;;;;;;;;;;;;;;;;;;;;;;;;;;;;;;;;;;;;;
webis-ambient-113;imer;the globe recorded by big audio dynamite ii;ConQ;2;;;;;;;;;;;;;;;;;;;;;;;;;;;;;;;;;;;;;;;;;;;;;;;;;;;;;;;;;;;;;;;
webis-ambient-114;exer;globe telecom telecommunications philippines;ConQ;1;globe telecom;https://en.wikipedia.org/wiki/Globe_Telecom;2;philippines;https://en.wikipedia.org/wiki/Philippines;2;;;;;;;;;;;;;;;;;;;;;;;;;;;;;;;;;;;;;;;;;;;;;;;;;;;;;;;;;
webis-ambient-114;imer;globe telecom telecommunications philippines;ConQ;1;;;;;;;;;;;;;;;;;;;;;;;;;;;;;;;;;;;;;;;;;;;;;;;;;;;;;;;;;;;;;;;
webis-ambient-115;exer;indigo books and music canada;ConQ;1;indigo books and music;https://en.wikipedia.org/wiki/Indigo_Books_and_Music;2;canada;https://en.wikipedia.org/wiki/Canada;2;;;;;;;;;;;;;;;;;;;;;;;;;;;;;;;;;;;;;;;;;;;;;;;;;;;;;;;;;
webis-ambient-115;imer;indigo books and music canada;ConQ;1;;;;;;;;;;;;;;;;;;;;;;;;;;;;;;;;;;;;;;;;;;;;;;;;;;;;;;;;;;;;;;;
webis-ambient-116;exer;fahrenheit aka indigo prophecy;ConQ;1;fahrenheit;https://en.wikipedia.org/wiki/Fahrenheit_(2005_video_game);2;;;;;;;;;;;;;;;;;;;;;;;;;;;;;;;;;;;;;;;;;;;;;;;;;;;;;;;;;;;;
webis-ambient-116;imer;fahrenheit aka indigo prophecy;ConQ;1;;;;;;;;;;;;;;;;;;;;;;;;;;;;;;;;;;;;;;;;;;;;;;;;;;;;;;;;;;;;;;;
webis-ambient-117;exer;sepecat jaguar french air force;ConQ;1;sepecat jaguar;https://en.wikipedia.org/wiki/SEPECAT_Jaguar;2;french air force;https://en.wikipedia.org/wiki/French_Air_Force;2;french;https://en.wikipedia.org/wiki/France;2;;;;;;;;;;;;;;;;;;;;;;;;;;;;;;;;;;;;;;;;;;;;;;;;;;;;;;
webis-ambient-117;imer;sepecat jaguar french air force;ConQ;1;;;;;;;;;;;;;;;;;;;;;;;;;;;;;;;;;;;;;;;;;;;;;;;;;;;;;;;;;;;;;;;
webis-ambient-118;exer;locust music based in chicago;ConQ;1;locust;https://en.wikipedia.org/wiki/Locust_Music;2;chicago;https://en.wikipedia.org/wiki/Chicago;2;;;;;;;;;;;;;;;;;;;;;;;;;;;;;;;;;;;;;;;;;;;;;;;;;;;;;;;;;
webis-ambient-118;imer;locust music based in chicago;ConQ;1;;;;;;;;;;;;;;;;;;;;;;;;;;;;;;;;;;;;;;;;;;;;;;;;;;;;;;;;;;;;;;;
webis-ambient-119;exer;metamorphosis recorded by hilary duff;ConQ;1;metamorphosis;https://en.wikipedia.org/wiki/Metamorphosis_(Hilary_Duff_album);2;hilary duff;https://en.wikipedia.org/wiki/Hilary_Duff;2;;;;;;;;;;;;;;;;;;;;;;;;;;;;;;;;;;;;;;;;;;;;;;;;;;;;;;;;;
webis-ambient-119;imer;metamorphosis recorded by hilary duff;ConQ;1;;;;;;;;;;;;;;;;;;;;;;;;;;;;;;;;;;;;;;;;;;;;;;;;;;;;;;;;;;;;;;;
webis-ambient-120;exer;metamorphosis recorded by iron butterfly;ConQ;1;metamorphosis;https://en.wikipedia.org/wiki/Metamorphosis_(Iron_Butterfly_album);2;iron butterfly;https://en.wikipedia.org/wiki/Iron_Butterfly;2;;;;;;;;;;;;;;;;;;;;;;;;;;;;;;;;;;;;;;;;;;;;;;;;;;;;;;;;;
webis-ambient-120;imer;metamorphosis recorded by iron butterfly;ConQ;1;;;;;;;;;;;;;;;;;;;;;;;;;;;;;;;;;;;;;;;;;;;;;;;;;;;;;;;;;;;;;;;
webis-ambient-121;exer;mirage recorded by klaus schulze;ConQ;1;mirage;https://en.wikipedia.org/wiki/Mirage_(Klaus_Schulze_album);2;klaus schulze;https://en.wikipedia.org/wiki/Klaus_Schulze;2;;;;;;;;;;;;;;;;;;;;;;;;;;;;;;;;;;;;;;;;;;;;;;;;;;;;;;;;;
webis-ambient-121;imer;mirage recorded by klaus schulze;ConQ;1;;;;;;;;;;;;;;;;;;;;;;;;;;;;;;;;;;;;;;;;;;;;;;;;;;;;;;;;;;;;;;;
webis-ambient-122;exer;rancho mirage in riverside county california;ConQ;1;rancho mirage;https://en.wikipedia.org/wiki/Rancho_Mirage,_California;2;riverside county california;https://en.wikipedia.org/wiki/Riverside_County,_California;2;;;;;;;;;;;;;;;;;;;;;;;;;;;;;;;;;;;;;;;;;;;;;;;;;;;;;;;;;
webis-ambient-122;imer;rancho mirage in riverside county california;ConQ;1;;;;;;;;;;;;;;;;;;;;;;;;;;;;;;;;;;;;;;;;;;;;;;;;;;;;;;;;;;;;;;;
webis-query-speller-411828140-0;exer;cactus shadows high school;LQ;1;cactus shadows high school;https://en.wikipedia.org/wiki/Cactus_Shadows_High_School;2;;;;;;;;;;;;;;;;;;;;;;;;;;;;;;;;;;;;;;;;;;;;;;;;;;;;;;;;;;;;
webis-query-speller-411828140-0;imer;cactus shadows high school;LQ;1;;;;;;;;;;;;;;;;;;;;;;;;;;;;;;;;;;;;;;;;;;;;;;;;;;;;;;;;;;;;;;;
webis-query-speller-103873-0;exer;hot wheels for mcdonalds;ConQ;1;hot wheels;https://en.wikipedia.org/wiki/Hot_Wheels;2;mcdonalds;https://en.wikipedia.org/wiki/McDonald%27s;2;;;;;;;;;;;;;;;;;;;;;;;;;;;;;;;;;;;;;;;;;;;;;;;;;;;;;;;;;
webis-query-speller-103873-0;imer;hot wheels for mcdonalds;ConQ;1;;;;;;;;;;;;;;;;;;;;;;;;;;;;;;;;;;;;;;;;;;;;;;;;;;;;;;;;;;;;;;;
webis-query-speller-110596-1;exer;valley childrens hospital;ConQ, LQ;2;valley childrens hospital;https://en.wikipedia.org/wiki/Valley_Children%27s_Hospital;2;valley;https://en.wikipedia.org/wiki/Valley,_Nova_Scotia;1;valley;https://en.wikipedia.org/wiki/Valley,_Bavaria;1;valley;https://en.wikipedia.org/wiki/Valley,_Alabama;1;valley;https://en.wikipedia.org/wiki/Valley,_Nebraska;1;valley;https://en.wikipedia.org/wiki/Valley,_New_Jersey;1;valley;https://en.wikipedia.org/wiki/Valley,_Ohio;1;valley;https://en.wikipedia.org/wiki/Valley,_Providence,_Rhode_Island;1;valley;https://en.wikipedia.org/wiki/Valley,_Washington;1;valley;https://en.wikipedia.org/wiki/Valley,_West_Virginia;1;valley;https://en.wikipedia.org/wiki/Valley,_Wisconsin;1;;;;;;;;;;;;;;;;;;;;;;;;;;;;;;
webis-query-speller-110596-1;imer;valley childrens hospital;ConQ, LQ;2;;;;;;;;;;;;;;;;;;;;;;;;;;;;;;;;;;;;;;;;;;;;;;;;;;;;;;;;;;;;;;;
webis-query-speller-750505330-0;exer;notary mesa college san diego;ConQ;1;mesa college;https://en.wikipedia.org/wiki/San_Diego_Mesa_College;2;san diego;https://en.wikipedia.org/wiki/San_Diego;2;;;;;;;;;;;;;;;;;;;;;;;;;;;;;;;;;;;;;;;;;;;;;;;;;;;;;;;;;
webis-query-speller-750505330-0;imer;notary mesa college san diego;ConQ;1;;;;;;;;;;;;;;;;;;;;;;;;;;;;;;;;;;;;;;;;;;;;;;;;;;;;;;;;;;;;;;;
webis-query-speller-1127894949-0;exer;green bay packers;LQ;1;green bay packers;https://en.wikipedia.org/wiki/Green_Bay_Packers;2;;;;;;;;;;;;;;;;;;;;;;;;;;;;;;;;;;;;;;;;;;;;;;;;;;;;;;;;;;;;
webis-query-speller-1127894949-0;imer;green bay packers;LQ;1;;;;;;;;;;;;;;;;;;;;;;;;;;;;;;;;;;;;;;;;;;;;;;;;;;;;;;;;;;;;;;;
webis-query-speller-443938558-0;exer;the brecker brothers;LQ;1;the brecker brothers;https://en.wikipedia.org/wiki/Brecker_Brothers;2;;;;;;;;;;;;;;;;;;;;;;;;;;;;;;;;;;;;;;;;;;;;;;;;;;;;;;;;;;;;
webis-query-speller-443938558-0;imer;the brecker brothers;LQ;1;;;;;;;;;;;;;;;;;;;;;;;;;;;;;;;;;;;;;;;;;;;;;;;;;;;;;;;;;;;;;;;
webis-query-speller-3735864696-0;exer;gta vice city modding;ConQ;1;gta;https://en.wikipedia.org/wiki/Grand_Theft_Auto;2;gta vice city;https://en.wikipedia.org/wiki/Grand_Theft_Auto:_Vice_City;2;;;;;;;;;;;;;;;;;;;;;;;;;;;;;;;;;;;;;;;;;;;;;;;;;;;;;;;;;
webis-query-speller-3735864696-0;imer;gta vice city modding;ConQ;1;;;;;;;;;;;;;;;;;;;;;;;;;;;;;;;;;;;;;;;;;;;;;;;;;;;;;;;;;;;;;;;
webis-query-speller-98789-2;exer;dodge ram tires rims;ConQ;1;dodge ram;https://en.wikipedia.org/wiki/Ram_Pickup;2;dodge;https://en.wikipedia.org/wiki/Dodge;2;;;;;;;;;;;;;;;;;;;;;;;;;;;;;;;;;;;;;;;;;;;;;;;;;;;;;;;;;
webis-query-speller-98789-2;imer;dodge ram tires rims;ConQ;1;;;;;;;;;;;;;;;;;;;;;;;;;;;;;;;;;;;;;;;;;;;;;;;;;;;;;;;;;;;;;;;
webis-query-speller-110397-1;exer;united states marines world war 2;ConQ;1;united states marines;https://en.wikipedia.org/wiki/United_States_Marine_Corps;2;united states;https://en.wikipedia.org/wiki/United_States;2;world war 2;https://en.wikipedia.org/wiki/World_War_II;2;;;;;;;;;;;;;;;;;;;;;;;;;;;;;;;;;;;;;;;;;;;;;;;;;;;;;;
webis-query-speller-110397-1;imer;united states marines world war 2;ConQ;1;;;;;;;;;;;;;;;;;;;;;;;;;;;;;;;;;;;;;;;;;;;;;;;;;;;;;;;;;;;;;;;
webis-query-speller-2582731305-0;exer;baseball hall of fame;LQ;2;baseball hall of fame;https://en.wikipedia.org/wiki/National_Baseball_Hall_of_Fame_and_Museum;2;baseball hall of fame;https://en.wikipedia.org/wiki/National_College_Baseball_Hall_of_Fame;2;baseball hall of fame;https://en.wikipedia.org/wiki/Baseball_Australia_Hall_of_Fame;2;baseball hall of fame;https://en.wikipedia.org/wiki/Canadian_Baseball_Hall_of_Fame;2;baseball hall of fame;https://en.wikipedia.org/wiki/Caribbean_Baseball_Hall_of_Fame;2;baseball hall of fame;https://en.wikipedia.org/wiki/Cuban_Baseball_Hall_of_Fame;2;baseball hall of fame;https://en.wikipedia.org/wiki/Japanese_Baseball_Hall_of_Fame;2;baseball hall of fame;https://en.wikipedia.org/wiki/Mexican_Professional_Baseball_Hall_of_Fame;2;baseball hall of fame;https://en.wikipedia.org/wiki/Venezuelan_Baseball_Hall_of_Fame_and_Museum;2;;;;;;;;;;;;;;;;;;;;;;;;;;;;;;;;;;;;
webis-query-speller-2582731305-0;imer;baseball hall of fame;LQ;2;;;;;;;;;;;;;;;;;;;;;;;;;;;;;;;;;;;;;;;;;;;;;;;;;;;;;;;;;;;;;;;
webis-query-speller-2765603910-0;exer;great wraps franchising;ConQ;1;great wraps;https://en.wikipedia.org/wiki/Great_Wraps;2;;;;;;;;;;;;;;;;;;;;;;;;;;;;;;;;;;;;;;;;;;;;;;;;;;;;;;;;;;;;
webis-query-speller-2765603910-0;imer;great wraps franchising;ConQ;1;;;;;;;;;;;;;;;;;;;;;;;;;;;;;;;;;;;;;;;;;;;;;;;;;;;;;;;;;;;;;;;
webis-query-speller-1005436118-0;exer;elizabethtown the movie;ConQ;1;elizabethtown;https://en.wikipedia.org/wiki/Elizabethtown_(film);2;;;;;;;;;;;;;;;;;;;;;;;;;;;;;;;;;;;;;;;;;;;;;;;;;;;;;;;;;;;;
webis-query-speller-1005436118-0;imer;elizabethtown the movie;ConQ;1;;;;;;;;;;;;;;;;;;;;;;;;;;;;;;;;;;;;;;;;;;;;;;;;;;;;;;;;;;;;;;;
webis-query-speller-497908156-0;exer;sigma gamma rho artwork;ConQ;1;sigma gamma rho;https://en.wikipedia.org/wiki/Sigma_Gamma_Rho;2;;;;;;;;;;;;;;;;;;;;;;;;;;;;;;;;;;;;;;;;;;;;;;;;;;;;;;;;;;;;
webis-query-speller-497908156-0;imer;sigma gamma rho artwork;ConQ;1;;;;;;;;;;;;;;;;;;;;;;;;;;;;;;;;;;;;;;;;;;;;;;;;;;;;;;;;;;;;;;;
webis-query-speller-108715-0;exer;serena williams photo;ConQ;1;serena williams;https://en.wikipedia.org/wiki/Serena_Williams;2;;;;;;;;;;;;;;;;;;;;;;;;;;;;;;;;;;;;;;;;;;;;;;;;;;;;;;;;;;;;
webis-query-speller-108715-0;imer;serena williams photo;ConQ;1;;;;;;;;;;;;;;;;;;;;;;;;;;;;;;;;;;;;;;;;;;;;;;;;;;;;;;;;;;;;;;;
webis-query-speller-1549707055-0;exer;budget rent a car logo;ConQ;2;budget rent a car;https://en.wikipedia.org/wiki/Budget_Rent_a_Car;2;logo;https://en.wikipedia.org/wiki/Logo,_Mali;1;logo;https://en.wikipedia.org/wiki/Logo,_Nigeria;1;;;;;;;;;;;;;;;;;;;;;;;;;;;;;;;;;;;;;;;;;;;;;;;;;;;;;;
webis-query-speller-1549707055-0;imer;budget rent a car logo;ConQ;2;;;;;;;;;;;;;;;;;;;;;;;;;;;;;;;;;;;;;;;;;;;;;;;;;;;;;;;;;;;;;;;
webis-query-speller-1049275129-0;exer;level 16 diner dash 2;ConQ;1;diner dash 2;https://en.wikipedia.org/wiki/Diner_Dash_2:_Restaurant_Rescue;2;;;;;;;;;;;;;;;;;;;;;;;;;;;;;;;;;;;;;;;;;;;;;;;;;;;;;;;;;;;;
webis-query-speller-1049275129-0;imer;level 16 diner dash 2;ConQ;1;;;;;;;;;;;;;;;;;;;;;;;;;;;;;;;;;;;;;;;;;;;;;;;;;;;;;;;;;;;;;;;
webis-query-speller-2915885954-0;exer;martha stewart new bedford home;ConQ;1;martha stewart;https://en.wikipedia.org/wiki/Martha_Stewart;2;bedford;https://en.wikipedia.org/wiki/Bedford_(town),_New_York;2;;;;;;;;;;;;;;;;;;;;;;;;;;;;;;;;;;;;;;;;;;;;;;;;;;;;;;;;;
webis-query-speller-2915885954-0;imer;martha stewart new bedford home;ConQ;1;;;;;;;;;;;;;;;;;;;;;;;;;;;;;;;;;;;;;;;;;;;;;;;;;;;;;;;;;;;;;;;
webis-query-speller-1210936318-0;exer;microsoft word tutorial;ConQ;1;microsoft word;https://en.wikipedia.org/wiki/Microsoft_Word;2;microsoft;https://en.wikipedia.org/wiki/Microsoft;2;;;;;;;;;;;;;;;;;;;;;;;;;;;;;;;;;;;;;;;;;;;;;;;;;;;;;;;;;
webis-query-speller-1210936318-0;imer;microsoft word tutorial;ConQ;1;;;;;;;;;;;;;;;;;;;;;;;;;;;;;;;;;;;;;;;;;;;;;;;;;;;;;;;;;;;;;;;
webis-query-speller-103316-0;exer;good news bible;ConQ, LQ;1;good news bible;https://en.wikipedia.org/wiki/Good_News_Bible;2;;;;;;;;;;;;;;;;;;;;;;;;;;;;;;;;;;;;;;;;;;;;;;;;;;;;;;;;;;;;
webis-query-speller-103316-0;imer;good news bible;ConQ, LQ;1;;;;;;;;;;;;;;;;;;;;;;;;;;;;;;;;;;;;;;;;;;;;;;;;;;;;;;;;;;;;;;;
webis-query-speller-104362-0;exer;installshield wizard;LQ;1;installshield wizard;https://en.wikipedia.org/wiki/InstallShield;2;;;;;;;;;;;;;;;;;;;;;;;;;;;;;;;;;;;;;;;;;;;;;;;;;;;;;;;;;;;;
webis-query-speller-104362-0;imer;installshield wizard;LQ;1;;;;;;;;;;;;;;;;;;;;;;;;;;;;;;;;;;;;;;;;;;;;;;;;;;;;;;;;;;;;;;;
webis-query-speller-3612074625-0;exer;chicago cubs baseball tickets;ConQ;1;chicago cubs;https://en.wikipedia.org/wiki/Chicago_Cubs;2;;;;;;;;;;;;;;;;;;;;;;;;;;;;;;;;;;;;;;;;;;;;;;;;;;;;;;;;;;;;
webis-query-speller-3612074625-0;imer;chicago cubs baseball tickets;ConQ;1;;;;;;;;;;;;;;;;;;;;;;;;;;;;;;;;;;;;;;;;;;;;;;;;;;;;;;;;;;;;;;;
webis-query-speller-1727932149-0;exer;custer south dakota vacation;ConQ;1;custer south dakota;https://en.wikipedia.org/wiki/Custer,_South_Dakota;2;south dakota;https://en.wikipedia.org/wiki/South_Dakota;2;;;;;;;;;;;;;;;;;;;;;;;;;;;;;;;;;;;;;;;;;;;;;;;;;;;;;;;;;
webis-query-speller-1727932149-0;imer;custer south dakota vacation;ConQ;1;;;;;;;;;;;;;;;;;;;;;;;;;;;;;;;;;;;;;;;;;;;;;;;;;;;;;;;;;;;;;;;
webis-query-speller-985964546-0;exer;washington irving quotes;ConQ;1;washington irving;https://en.wikipedia.org/wiki/Washington_Irving;2;;;;;;;;;;;;;;;;;;;;;;;;;;;;;;;;;;;;;;;;;;;;;;;;;;;;;;;;;;;;
webis-query-speller-985964546-0;imer;washington irving quotes;ConQ;1;;;;;;;;;;;;;;;;;;;;;;;;;;;;;;;;;;;;;;;;;;;;;;;;;;;;;;;;;;;;;;;
webis-query-speller-3406781964-0;exer;final fantasy xi quest help;ConQ;1;final fantasy xi;https://en.wikipedia.org/wiki/Final_Fantasy_XI;2;final fantasy;https://en.wikipedia.org/wiki/Final_Fantasy;1;;;;;;;;;;;;;;;;;;;;;;;;;;;;;;;;;;;;;;;;;;;;;;;;;;;;;;;;;
webis-query-speller-3406781964-0;imer;final fantasy xi quest help;ConQ;1;;;;;;;;;;;;;;;;;;;;;;;;;;;;;;;;;;;;;;;;;;;;;;;;;;;;;;;;;;;;;;;
webis-query-speller-285804341-0;exer;jacksonville state university;LQ;1;jacksonville state university;https://en.wikipedia.org/wiki/Jacksonville_State_University;2;;;;;;;;;;;;;;;;;;;;;;;;;;;;;;;;;;;;;;;;;;;;;;;;;;;;;;;;;;;;
webis-query-speller-285804341-0;imer;jacksonville state university;LQ;1;;;;;;;;;;;;;;;;;;;;;;;;;;;;;;;;;;;;;;;;;;;;;;;;;;;;;;;;;;;;;;;
webis-query-speller-1462762327-0;exer;buffie the body;LQ;2;buffie the body;https://en.wikipedia.org/wiki/Buffie_Carruth;2;;;;;;;;;;;;;;;;;;;;;;;;;;;;;;;;;;;;;;;;;;;;;;;;;;;;;;;;;;;;
webis-query-speller-1462762327-0;imer;buffie the body;LQ;2;;;;;;;;;;;;;;;;;;;;;;;;;;;;;;;;;;;;;;;;;;;;;;;;;;;;;;;;;;;;;;;
webis-query-speller-156397506-0;exer;how to win fatal frame 2;QQ;1;fatal frame 2;https://en.wikipedia.org/wiki/Fatal_Frame_II:_Crimson_Butterfly;2;;;;;;;;;;;;;;;;;;;;;;;;;;;;;;;;;;;;;;;;;;;;;;;;;;;;;;;;;;;;
webis-query-speller-156397506-0;imer;how to win fatal frame 2;QQ;1;;;;;;;;;;;;;;;;;;;;;;;;;;;;;;;;;;;;;;;;;;;;;;;;;;;;;;;;;;;;;;;
webis-query-speller-1238042835-0;exer;dogz 5 walkthroughs;ConQ;1;dogz 5;https://en.wikipedia.org/wiki/Petz;2;;;;;;;;;;;;;;;;;;;;;;;;;;;;;;;;;;;;;;;;;;;;;;;;;;;;;;;;;;;;
webis-query-speller-1238042835-0;imer;dogz 5 walkthroughs;ConQ;1;;;;;;;;;;;;;;;;;;;;;;;;;;;;;;;;;;;;;;;;;;;;;;;;;;;;;;;;;;;;;;;
webis-query-speller-354975743-0;exer;jack wild oliver;ConQ;1;jack wild;https://en.wikipedia.org/wiki/Jack_Wild;2;oliver;https://en.wikipedia.org/wiki/Oliver!_(film);2;;;;;;;;;;;;;;;;;;;;;;;;;;;;;;;;;;;;;;;;;;;;;;;;;;;;;;;;;
webis-query-speller-354975743-0;imer;jack wild oliver;ConQ;1;;;;;;;;;;;;;;;;;;;;;;;;;;;;;;;;;;;;;;;;;;;;;;;;;;;;;;;;;;;;;;;
webis-query-speller-2975851892-0;exer;anderson civic center;LQ;1;anderson civic center;https://en.wikipedia.org/wiki/Civic_Center_of_Anderson;2;anderson;https://en.wikipedia.org/wiki/Anderson,_South_Carolina;2;;;;;;;;;;;;;;;;;;;;;;;;;;;;;;;;;;;;;;;;;;;;;;;;;;;;;;;;;
webis-query-speller-2975851892-0;imer;anderson civic center;LQ;1;;;;;;;;;;;;;;;;;;;;;;;;;;;;;;;;;;;;;;;;;;;;;;;;;;;;;;;;;;;;;;;
webis-query-speller-2325654973-0;exer;apartments in nacogdoches texas;ConQ;1;nacogdoches texas;https://en.wikipedia.org/wiki/Nacogdoches,_Texas;2;texas;https://en.wikipedia.org/wiki/Texas;2;;;;;;;;;;;;;;;;;;;;;;;;;;;;;;;;;;;;;;;;;;;;;;;;;;;;;;;;;
webis-query-speller-2325654973-0;imer;apartments in nacogdoches texas;ConQ;1;;;;;;;;;;;;;;;;;;;;;;;;;;;;;;;;;;;;;;;;;;;;;;;;;;;;;;;;;;;;;;;
webis-query-speller-1463248985-0;exer;barbie liberation organization;LQ;1;barbie liberation organization;https://en.wikipedia.org/wiki/Barbie_Liberation_Organization;2;;;;;;;;;;;;;;;;;;;;;;;;;;;;;;;;;;;;;;;;;;;;;;;;;;;;;;;;;;;;
webis-query-speller-1463248985-0;imer;barbie liberation organization;LQ;1;;;;;;;;;;;;;;;;;;;;;;;;;;;;;;;;;;;;;;;;;;;;;;;;;;;;;;;;;;;;;;;
webis-query-speller-100682-0;exer;chad michael murray;LQ;1;chad michael murray;https://en.wikipedia.org/wiki/Chad_Michael_Murray;2;;;;;;;;;;;;;;;;;;;;;;;;;;;;;;;;;;;;;;;;;;;;;;;;;;;;;;;;;;;;
webis-query-speller-100682-0;imer;chad michael murray;LQ;1;;;;;;;;;;;;;;;;;;;;;;;;;;;;;;;;;;;;;;;;;;;;;;;;;;;;;;;;;;;;;;;
webis-query-speller-1858842117-0;exer;daddy yankee lyrics;ConQ;1;daddy yankee;https://en.wikipedia.org/wiki/Daddy_Yankee;2;;;;;;;;;;;;;;;;;;;;;;;;;;;;;;;;;;;;;;;;;;;;;;;;;;;;;;;;;;;;
webis-query-speller-1858842117-0;imer;daddy yankee lyrics;ConQ;1;;;;;;;;;;;;;;;;;;;;;;;;;;;;;;;;;;;;;;;;;;;;;;;;;;;;;;;;;;;;;;;
webis-query-speller-1080296346-0;exer;grand theft auto san andreas cheats;ConQ;1;grand theft auto san andreas;https://en.wikipedia.org/wiki/Grand_Theft_Auto:_San_Andreas;2;grand theft auto;https://en.wikipedia.org/wiki/Grand_Theft_Auto;2;;;;;;;;;;;;;;;;;;;;;;;;;;;;;;;;;;;;;;;;;;;;;;;;;;;;;;;;;
webis-query-speller-1080296346-0;imer;grand theft auto san andreas cheats;ConQ;1;;;;;;;;;;;;;;;;;;;;;;;;;;;;;;;;;;;;;;;;;;;;;;;;;;;;;;;;;;;;;;;
webis-query-speller-3739718218-0;exer;west chester university;LQ;1;west chester university;https://en.wikipedia.org/wiki/West_Chester_University;2;;;;;;;;;;;;;;;;;;;;;;;;;;;;;;;;;;;;;;;;;;;;;;;;;;;;;;;;;;;;
webis-query-speller-3739718218-0;imer;west chester university;LQ;1;;;;;;;;;;;;;;;;;;;;;;;;;;;;;;;;;;;;;;;;;;;;;;;;;;;;;;;;;;;;;;;
webis-query-speller-4088714930-0;exer;new yorker cartoonist gardner;ConQ;2;gardner;https://en.wikipedia.org/wiki/Gardner_Rea;2;new yorker;https://en.wikipedia.org/wiki/The_New_Yorker;2;new yorker;https://en.wikipedia.org/wiki/New_York_(state);1;new yorker;https://en.wikipedia.org/wiki/New_York_City;1;;;;;;;;;;;;;;;;;;;;;;;;;;;;;;;;;;;;;;;;;;;;;;;;;;;
webis-query-speller-4088714930-0;imer;new yorker cartoonist gardner;ConQ;2;;;;;;;;;;;;;;;;;;;;;;;;;;;;;;;;;;;;;;;;;;;;;;;;;;;;;;;;;;;;;;;
webis-query-speller-3281782114-0;exer;hamilton beach product;ConQ;1;hamilton beach;https://en.wikipedia.org/wiki/Hamilton_Beach_Brands;2;;;;;;;;;;;;;;;;;;;;;;;;;;;;;;;;;;;;;;;;;;;;;;;;;;;;;;;;;;;;
webis-query-speller-3281782114-0;imer;hamilton beach product;ConQ;1;;;;;;;;;;;;;;;;;;;;;;;;;;;;;;;;;;;;;;;;;;;;;;;;;;;;;;;;;;;;;;;
webis-query-speller-105565-0;exer;lyrics to when you're mad;ConQ;1;when you're mad;https://en.wikipedia.org/wiki/When_You%27re_Mad;2;;;;;;;;;;;;;;;;;;;;;;;;;;;;;;;;;;;;;;;;;;;;;;;;;;;;;;;;;;;;
webis-query-speller-105565-0;imer;lyrics to when you're mad;ConQ;1;;;;;;;;;;;;;;;;;;;;;;;;;;;;;;;;;;;;;;;;;;;;;;;;;;;;;;;;;;;;;;;
webis-query-speller-3099093762-0;exer;saharanpur district india;ConQ;1;saharanpur district;https://en.wikipedia.org/wiki/Saharanpur_district;2;india;https://en.wikipedia.org/wiki/India;2;;;;;;;;;;;;;;;;;;;;;;;;;;;;;;;;;;;;;;;;;;;;;;;;;;;;;;;;;
webis-query-speller-3099093762-0;imer;saharanpur district india;ConQ;1;;;;;;;;;;;;;;;;;;;;;;;;;;;;;;;;;;;;;;;;;;;;;;;;;;;;;;;;;;;;;;;
webis-query-speller-1734906818-0;exer;cadillac palace theater;LQ;1;cadillac palace theater;https://en.wikipedia.org/wiki/Cadillac_Palace_Theatre;2;;;;;;;;;;;;;;;;;;;;;;;;;;;;;;;;;;;;;;;;;;;;;;;;;;;;;;;;;;;;
webis-query-speller-1734906818-0;imer;cadillac palace theater;LQ;1;;;;;;;;;;;;;;;;;;;;;;;;;;;;;;;;;;;;;;;;;;;;;;;;;;;;;;;;;;;;;;;
webis-query-speller-2292684340-0;exer;ocean downs racetrack maryland;ConQ;1;ocean downs racetrack;https://en.wikipedia.org/wiki/Ocean_Downs;2;maryland;https://en.wikipedia.org/wiki/Maryland;2;;;;;;;;;;;;;;;;;;;;;;;;;;;;;;;;;;;;;;;;;;;;;;;;;;;;;;;;;
webis-query-speller-2292684340-0;imer;ocean downs racetrack maryland;ConQ;1;;;;;;;;;;;;;;;;;;;;;;;;;;;;;;;;;;;;;;;;;;;;;;;;;;;;;;;;;;;;;;;
webis-query-speller-2675040950-0;exer;calvin klein slip;ConQ;2;calvin klein;https://en.wikipedia.org/wiki/Calvin_Klein_(company);2;calvin klein;https://en.wikipedia.org/wiki/Calvin_Klein;1;;;;;;;;;;;;;;;;;;;;;;;;;;;;;;;;;;;;;;;;;;;;;;;;;;;;;;;;;
webis-query-speller-2675040950-0;imer;calvin klein slip;ConQ;2;;;;;;;;;;;;;;;;;;;;;;;;;;;;;;;;;;;;;;;;;;;;;;;;;;;;;;;;;;;;;;;
webis-query-speller-2141226087-0;exer;round rock texas library;ConQ, SolEnQ;2;round rock texas;https://en.wikipedia.org/wiki/Round_Rock,_Texas;2;;;;;;;;;;;;;;;;;;;;;;;;;;;;;;;;;;;;;;;;;;;;;;;;;;;;;;;;;;;;
webis-query-speller-2141226087-0;imer;round rock texas library;ConQ, SolEnQ;2;round rock texas library;https://en.wikipedia.org/wiki/Round_Rock_Public_Library;2;;;;;;;;;;;;;;;;;;;;;;;;;;;;;;;;;;;;;;;;;;;;;;;;;;;;;;;;;;;;
webis-query-speller-2098329765-0;exer;beach boys t-shirts;ConQ;2;beach boys;https://en.wikipedia.org/wiki/The_Beach_Boys;2;beach boys;https://en.wikipedia.org/wiki/The_Beach_Boys_(album);1;;;;;;;;;;;;;;;;;;;;;;;;;;;;;;;;;;;;;;;;;;;;;;;;;;;;;;;;;
webis-query-speller-2098329765-0;imer;beach boys t-shirts;ConQ;2;;;;;;;;;;;;;;;;;;;;;;;;;;;;;;;;;;;;;;;;;;;;;;;;;;;;;;;;;;;;;;;
webis-query-speller-822074314-0;exer;fatty liver disease;ConQ;1;;;;;;;;;;;;;;;;;;;;;;;;;;;;;;;;;;;;;;;;;;;;;;;;;;;;;;;;;;;;;;;
webis-query-speller-822074314-0;imer;fatty liver disease;ConQ;1;;;;;;;;;;;;;;;;;;;;;;;;;;;;;;;;;;;;;;;;;;;;;;;;;;;;;;;;;;;;;;;
webis-query-speller-2311966135-0;exer;douglas preston and lincoln child;ConQ;1;douglas preston;https://en.wikipedia.org/wiki/Douglas_Preston;2;lincoln child;https://en.wikipedia.org/wiki/Lincoln_Child;2;;;;;;;;;;;;;;;;;;;;;;;;;;;;;;;;;;;;;;;;;;;;;;;;;;;;;;;;;
webis-query-speller-2311966135-0;imer;douglas preston and lincoln child;ConQ;1;;;;;;;;;;;;;;;;;;;;;;;;;;;;;;;;;;;;;;;;;;;;;;;;;;;;;;;;;;;;;;;
webis-query-speller-761994842-0;exer;philadelphia cricket club;ConQ, LQ;2;philadelphia cricket club;https://en.wikipedia.org/wiki/Philadelphia_Cricket_Club;2;philadelphia;https://en.wikipedia.org/wiki/Philadelphia;2;;;;;;;;;;;;;;;;;;;;;;;;;;;;;;;;;;;;;;;;;;;;;;;;;;;;;;;;;
webis-query-speller-761994842-0;imer;philadelphia cricket club;ConQ, LQ;2;;;;;;;;;;;;;;;;;;;;;;;;;;;;;;;;;;;;;;;;;;;;;;;;;;;;;;;;;;;;;;;
webis-query-speller-2964811905-0;exer;sound blaster live;ConQ, LQ;2;sound blaster live;https://en.wikipedia.org/wiki/Sound_Blaster_Live!;2;sound blaster;https://en.wikipedia.org/wiki/Sound_blaster;2;;;;;;;;;;;;;;;;;;;;;;;;;;;;;;;;;;;;;;;;;;;;;;;;;;;;;;;;;
webis-query-speller-2964811905-0;imer;sound blaster live;ConQ, LQ;2;;;;;;;;;;;;;;;;;;;;;;;;;;;;;;;;;;;;;;;;;;;;;;;;;;;;;;;;;;;;;;;
webis-query-speller-2771461765-0;exer;pruning walnut trees;ConQ;1;;;;;;;;;;;;;;;;;;;;;;;;;;;;;;;;;;;;;;;;;;;;;;;;;;;;;;;;;;;;;;;
webis-query-speller-2771461765-0;imer;pruning walnut trees;ConQ;1;;;;;;;;;;;;;;;;;;;;;;;;;;;;;;;;;;;;;;;;;;;;;;;;;;;;;;;;;;;;;;;
webis-query-speller-100105-0;exer;bob the builder;LQ;2;bob the builder;https://en.wikipedia.org/wiki/Bob_the_Builder;2;bob the builder;https://en.wikipedia.org/wiki/Bob_the_Builder_(2015_TV_series);2;;;;;;;;;;;;;;;;;;;;;;;;;;;;;;;;;;;;;;;;;;;;;;;;;;;;;;;;;
webis-query-speller-100105-0;imer;bob the builder;LQ;2;;;;;;;;;;;;;;;;;;;;;;;;;;;;;;;;;;;;;;;;;;;;;;;;;;;;;;;;;;;;;;;
webis-query-speller-571587773-0;exer;white settlement school district;ConQ, LQ;2;white settlement school district;https://en.wikipedia.org/wiki/White_Settlement_Independent_School_District;2;white settlement;https://en.wikipedia.org/wiki/White_Settlement,_Texas;2;;;;;;;;;;;;;;;;;;;;;;;;;;;;;;;;;;;;;;;;;;;;;;;;;;;;;;;;;
webis-query-speller-571587773-0;imer;white settlement school district;ConQ, LQ;2;;;;;;;;;;;;;;;;;;;;;;;;;;;;;;;;;;;;;;;;;;;;;;;;;;;;;;;;;;;;;;;
webis-query-speller-716416874-0;exer;electronic arts contact us;ConQ;1;electronic arts;https://en.wikipedia.org/wiki/Electronic_Arts;2;;;;;;;;;;;;;;;;;;;;;;;;;;;;;;;;;;;;;;;;;;;;;;;;;;;;;;;;;;;;
webis-query-speller-716416874-0;imer;electronic arts contact us;ConQ;1;;;;;;;;;;;;;;;;;;;;;;;;;;;;;;;;;;;;;;;;;;;;;;;;;;;;;;;;;;;;;;;
webis-query-speller-107176-0;exer;panic at the disco;ConQ, LQ;2;panic at the disco;https://en.wikipedia.org/wiki/Panic!_at_the_Disco;2;;;;;;;;;;;;;;;;;;;;;;;;;;;;;;;;;;;;;;;;;;;;;;;;;;;;;;;;;;;;
webis-query-speller-107176-0;imer;panic at the disco;ConQ, LQ;2;;;;;;;;;;;;;;;;;;;;;;;;;;;;;;;;;;;;;;;;;;;;;;;;;;;;;;;;;;;;;;;
webis-query-speller-3595448671-0;exer;the da vinci hoax;ConQ, LQ;2;the da vinci hoax;https://en.wikipedia.org/wiki/The_Da_Vinci_Hoax;2;da vinci;https://en.wikipedia.org/wiki/Leonardo_da_Vinci;2;;;;;;;;;;;;;;;;;;;;;;;;;;;;;;;;;;;;;;;;;;;;;;;;;;;;;;;;;
webis-query-speller-3595448671-0;imer;the da vinci hoax;ConQ, LQ;2;;;;;;;;;;;;;;;;;;;;;;;;;;;;;;;;;;;;;;;;;;;;;;;;;;;;;;;;;;;;;;;
webis-query-speller-2638321139-0;exer;map of staten island;ConQ;2;staten island;https://en.wikipedia.org/wiki/Staten_Island;2;staten island;https://en.wikipedia.org/wiki/Staten_Island_(California);2;;;;;;;;;;;;;;;;;;;;;;;;;;;;;;;;;;;;;;;;;;;;;;;;;;;;;;;;;
webis-query-speller-2638321139-0;imer;map of staten island;ConQ;2;;;;;;;;;;;;;;;;;;;;;;;;;;;;;;;;;;;;;;;;;;;;;;;;;;;;;;;;;;;;;;;
webis-query-speller-108857-0;exer;silver lake regional high school;LQ;1;silver lake regional high school;https://en.wikipedia.org/wiki/Silver_Lake_Regional_High_School;2;;;;;;;;;;;;;;;;;;;;;;;;;;;;;;;;;;;;;;;;;;;;;;;;;;;;;;;;;;;;
webis-query-speller-108857-0;imer;silver lake regional high school;LQ;1;;;;;;;;;;;;;;;;;;;;;;;;;;;;;;;;;;;;;;;;;;;;;;;;;;;;;;;;;;;;;;;
webis-query-speller-3888498656-0;exer;aol explorer browser;ConQ;1;aol explorer;https://en.wikipedia.org/wiki/AOL_Explorer;2;aol;https://en.wikipedia.org/wiki/AOL;2;;;;;;;;;;;;;;;;;;;;;;;;;;;;;;;;;;;;;;;;;;;;;;;;;;;;;;;;;
webis-query-speller-3888498656-0;imer;aol explorer browser;ConQ;1;;;;;;;;;;;;;;;;;;;;;;;;;;;;;;;;;;;;;;;;;;;;;;;;;;;;;;;;;;;;;;;
webis-query-speller-2738546997-0;exer;jamie lynn spears;LQ;1;jamie lynn spears;https://en.wikipedia.org/wiki/Jamie_Lynn_Spears;2;;;;;;;;;;;;;;;;;;;;;;;;;;;;;;;;;;;;;;;;;;;;;;;;;;;;;;;;;;;;
webis-query-speller-2738546997-0;imer;jamie lynn spears;LQ;1;;;;;;;;;;;;;;;;;;;;;;;;;;;;;;;;;;;;;;;;;;;;;;;;;;;;;;;;;;;;;;;
webis-query-speller-870458748-0;exer;microsoft game studios pc;ConQ;1;microsoft game studios;https://en.wikipedia.org/wiki/Xbox_Game_Studios;2;microsoft;https://en.wikipedia.org/wiki/Microsoft;2;;;;;;;;;;;;;;;;;;;;;;;;;;;;;;;;;;;;;;;;;;;;;;;;;;;;;;;;;
webis-query-speller-870458748-0;imer;microsoft game studios pc;ConQ;1;;;;;;;;;;;;;;;;;;;;;;;;;;;;;;;;;;;;;;;;;;;;;;;;;;;;;;;;;;;;;;;
webis-query-speller-875876006-0;exer;albert the great;LQ;1;albert the great;https://en.wikipedia.org/wiki/Albertus_Magnus;2;;;;;;;;;;;;;;;;;;;;;;;;;;;;;;;;;;;;;;;;;;;;;;;;;;;;;;;;;;;;
webis-query-speller-875876006-0;imer;albert the great;LQ;1;;;;;;;;;;;;;;;;;;;;;;;;;;;;;;;;;;;;;;;;;;;;;;;;;;;;;;;;;;;;;;;
webis-query-speller-370150537-0;exer;zizzle handheld pinball;ConQ;1;zizzle;https://en.wikipedia.org/wiki/Zizzle;2;;;;;;;;;;;;;;;;;;;;;;;;;;;;;;;;;;;;;;;;;;;;;;;;;;;;;;;;;;;;
webis-query-speller-370150537-0;imer;zizzle handheld pinball;ConQ;1;;;;;;;;;;;;;;;;;;;;;;;;;;;;;;;;;;;;;;;;;;;;;;;;;;;;;;;;;;;;;;;
webis-query-speller-2872140299-0;exer;was da vinci married;QQ;2;da vinci;https://en.wikipedia.org/wiki/Leonardo_da_Vinci;2;da vinci;https://en.wikipedia.org/wiki/Pierino_da_Vinci;1;da vinci;https://en.wikipedia.org/wiki/Paul_Da_Vinci;1;;;;;;;;;;;;;;;;;;;;;;;;;;;;;;;;;;;;;;;;;;;;;;;;;;;;;;
webis-query-speller-2872140299-0;imer;was da vinci married;QQ;2;;;;;;;;;;;;;;;;;;;;;;;;;;;;;;;;;;;;;;;;;;;;;;;;;;;;;;;;;;;;;;;
webis-query-speller-2444746107-0;exer;payless shoe store;ConQ;1;payless;https://en.wikipedia.org/wiki/Payless_ShoeSource;2;;;;;;;;;;;;;;;;;;;;;;;;;;;;;;;;;;;;;;;;;;;;;;;;;;;;;;;;;;;;
webis-query-speller-2444746107-0;imer;payless shoe store;ConQ;1;;;;;;;;;;;;;;;;;;;;;;;;;;;;;;;;;;;;;;;;;;;;;;;;;;;;;;;;;;;;;;;
webis-query-speller-2785964758-0;exer;picture of vermont counties;ConQ;1;vermont;https://en.wikipedia.org/wiki/Vermont;2;;;;;;;;;;;;;;;;;;;;;;;;;;;;;;;;;;;;;;;;;;;;;;;;;;;;;;;;;;;;
webis-query-speller-2785964758-0;imer;picture of vermont counties;ConQ;1;;;;;;;;;;;;;;;;;;;;;;;;;;;;;;;;;;;;;;;;;;;;;;;;;;;;;;;;;;;;;;;
webis-query-speller-3572804324-0;exer;native american church;ConQ, LQ;1;native american church;https://en.wikipedia.org/wiki/Native_American_Church;2;;;;;;;;;;;;;;;;;;;;;;;;;;;;;;;;;;;;;;;;;;;;;;;;;;;;;;;;;;;;
webis-query-speller-3572804324-0;imer;native american church;ConQ, LQ;1;;;;;;;;;;;;;;;;;;;;;;;;;;;;;;;;;;;;;;;;;;;;;;;;;;;;;;;;;;;;;;;
webis-query-speller-938501913;exer;victoria jackson cosmetics;ConQ, LQ;2;victoria jackson;https://en.wikipedia.org/wiki/Victoria_Jackson_(entrepreneur);2;victoria jackson;https://en.wikipedia.org/wiki/Victoria_Jackson;1;victoria jackson cosmetics;http://vjcosmetics.com/;2;;;;;;;;;;;;;;;;;;;;;;;;;;;;;;;;;;;;;;;;;;;;;;;;;;;;;;
webis-query-speller-938501913;imer;victoria jackson cosmetics;ConQ, LQ;2;;;;;;;;;;;;;;;;;;;;;;;;;;;;;;;;;;;;;;;;;;;;;;;;;;;;;;;;;;;;;;;
webis-query-speller-267938419;exer;provo canyon academy;ConQ, LQ;2;provo canyon academy;https://en.wikipedia.org/wiki/Provo_Canyon_School;2;provo;https://en.wikipedia.org/wiki/Provo,_Utah;2;provo canyon;https://en.wikipedia.org/wiki/Provo_Canyon;2;;;;;;;;;;;;;;;;;;;;;;;;;;;;;;;;;;;;;;;;;;;;;;;;;;;;;;
webis-query-speller-267938419;imer;provo canyon academy;ConQ, LQ;2;;;;;;;;;;;;;;;;;;;;;;;;;;;;;;;;;;;;;;;;;;;;;;;;;;;;;;;;;;;;;;;
